collaborator,role,frequency,total,node_key,career_total,artist_cluster,found_as_producer,found_as_artist,cluster,name,is_dual_role,angle,distance,color,base_angle,base_distance,cluster_size,cluster_idx,global_count,global_idx,cluster_dist,cluster_angle_rad,cluster_cx,cluster_cy,cluster_local_angle,cluster_local_radius,cluster_x,cluster_y,global_angle,global_radius,dist_x,dist_y,x,y,node_size,img_radius,image_url,is_searching,search_match,label_opacity,label_visibility
"Kanye West","artist","medium","3","Kanye West|artist","3","Mainstream Rap","Kanye West","Kanye West","Mainstream Rap","Kanye West","true","24","258","#a85561","24","258","3","3","51","32","258","0.41887902047863906","835.694728071791","604.9380539135565","4.8","58.023702053557386","840.7717430168706","547.1368954541671","74.39999999999999","301.004853064909","763.083276312402","247.00243764842273","763.083276312402","247.00243764842273","9.47300783992378","5.351981830465412","images/Kanye%20West.webp","false","false","0.7","0"
"Kanye West","producer","medium","5","Kanye West|producer","5","Mainstream Rap","Kanye West","Kanye West","Producer","Kanye West","true","120","328","#7a6a8a","120","328","92","92","25","17","328","2.0943951023931953","436.0000000000001","784.0563324412959","218.4","191.83326093250878","447.3710716168181","592.5603827967011","38.4","313.3560275469422","839.4885232138823","702.0822784136049","839.4885232138823","702.0822784136049","12.255507940800143","6.924015785762792","images/Kanye%20West.webp","false","false","0.7","0"
"Toro y Moi","artist","low","2","Toro y Moi|artist","2","Psychedelic","Toro y Moi","Toro y Moi","Psychedelic","Toro y Moi","true","310","258","#5d7a9c","310","258","10","10","76","52","258","5.410520681182422","765.8392032991271","302.36053367530366","21.599999999999998","72.73238618387273","698.600165149983","330.0897916671424","122.39999999999999","314.32467291003417","288.0159746434279","538.2879605399631","288.0159746434279","538.2879605399631","7.873514378137413","4.448313207987239","images/Toro%20y%20Moi.webp","false","false","0.4","0"
"Toro y Moi","producer","low","1","Toro y Moi|producer","1","Psychedelic","Toro y Moi","Toro y Moi","Producer","Toro y Moi","true","120","328","#7a6a8a","120","328","159","159","247","77","328","2.0943951023931953","436.0000000000001","784.0563324412959","379.2","252.19040425836982","285.78063486509615","986.6251907055079","182.4","263.2489316217637","858.6288605814434","549.1030800901972","858.6288605814434","549.1030800901972","6","3.389830508474576","images/Toro%20y%20Moi.webp","false","false","0.4","0"
"Meek Mill","artist","low","1","Meek Mill|artist","1","Mainstream Rap","","Meek Mill","Mainstream Rap","Meek Mill","false","24","258","#a85561","24","258","5","5","247","78","258","0.41887902047863906","835.694728071791","604.9380539135565","9.6","68.20007331374359","768.5389441154786","593.0489546536003","184.79999999999998","264.95282598983545","374.67231321853944","639.3823287569699","374.67231321853944","639.3823287569699","6","3.389830508474576","images/Meek%20Mill.webp","false","false","0.4","0"
"T.I.","artist","low","2","T.I.|artist","2","Trap","","T.I.","Trap","T.I.","false","72","258","#c4a05c","72","258","17","17","76","53","258","1.2566370614359172","679.7263845487364","745.3725812041496","38.4","82.46211251235322","742.7496801313371","798.5521281550982","124.8","317.33263305244856","806.1469961075546","258.7461585884448","806.1469961075546","258.7461585884448","7.873514378137413","4.448313207987239","images/T.I..webp","false","false","0.4","0"
"A$AP Ferg","artist","low","1","A$AP Ferg|artist","1","Psychedelic","","A$AP Ferg","Psychedelic","A$AP Ferg","false","310","258","#5d7a9c","310","258","1","1","247","79","258","5.410520681182422","765.8392032991271","302.36053367530366","0","36.5","802.3392032991271","302.36053367530366","187.2","266.64583251946766","672.4677061471932","243.39050764680576","672.4677061471932","243.39050764680576","6","3.389830508474576","images/A$AP%20Ferg.webp","false","false","0.4","0"
"Popcaan","artist","low","1","Popcaan|artist","1","Dancehall","","Popcaan","Dancehall","Popcaan","false","192","258","#8a9c5d","192","258","1","1","247","80","258","3.3510321638291125","347.63791901067816","446.35878376901815","0","36.5","384.13791901067816","446.35878376901815","189.6","268.3281572999748","720.6494631954675","739.6741684676209","720.6494631954675","739.6741684676209","6","3.389830508474576","images/Popcaan.webp","false","false","0.4","0"
"Justin Vernon","artist","low","2","Justin Vernon|artist","2","Psychedelic","","Justin Vernon","Psychedelic","Justin Vernon","false","310","258","#5d7a9c","310","258","3","3","76","54","258","5.410520681182422","765.8392032991271","302.36053367530366","4.8","58.023702053557386","770.9162182442067","244.55937521591432","127.19999999999999","320.3123475609393","611.0493747480613","820.1217132868012","611.0493747480613","820.1217132868012","7.873514378137413","4.448313207987239","images/Justin%20Vernon.webp","false","false","0.4","0"
"Theophilus London","artist","low","1","Theophilus London|artist","1","Psychedelic","","Theophilus London","Psychedelic","Theophilus London","false","310","258","#5d7a9c","310","258","9","9","247","81","258","5.410520681182422","765.8392032991271","302.36053367530366","19.2","73.5","834.8718987813471","327.59418094356596","192","270","347.5797793969465","404.1666434340015","347.5797793969465","404.1666434340015","6","3.389830508474576","images/Theophilus%20London.webp","false","false","0.4","0"
"Paul Wall","artist","low","1","Paul Wall|artist","1","Houston Legends","","Paul Wall","Houston Legends","Paul Wall","false","336","278","#7a5d4a","336","278","2","2","247","82","278","5.8643062867009474","853.965637224643","386.9272132249275","2.4","49.49747468305833","817.466510458194","420.36093490359616","194.4","271.66155414412253","852.4087872909706","399.5519831041868","852.4087872909706","399.5519831041868","6","3.389830508474576","images/Paul%20Wall.webp","false","false","0.4","0"
"James Fauntleroy","artist","low","1","James Fauntleroy|artist","1","Pop","","James Fauntleroy","Pop","James Fauntleroy","false","0","293","#d0a8b0","0","293","4","4","247","83","293","0","893","500","7.199999999999999","64","931.9344841300643","550.7947432863458","196.79999999999998","273.313007374329","481.00527553791835","746.0492949597566","481.00527553791835","746.0492949597566","6","3.389830508474576","images/James%20Fauntleroy.webp","false","false","0.4","0"
"Wale","artist","low","1","Wale|artist","1","Mainstream Rap","","Wale","Mainstream Rap","Wale","false","24","258","#a85561","24","258","7","7","247","84","258","0.41887902047863906","835.694728071791","604.9380539135565","14.399999999999999","72.75816105427624","816.7908950236945","675.1975379430431","199.2","274.9545416973504","521.0775395756466","236.61578399500405","521.0775395756466","236.61578399500405","6","3.389830508474576","images/Wale.webp","false","false","0.4","0"
"Anthony Kilhoffer","producer","medium","5","Anthony Kilhoffer|producer","5","","Anthony Kilhoffer","","Producer","Anthony Kilhoffer","false","120","328","#7a6a8a","120","328","15","15","25","18","328","2.0943951023931953","436.0000000000001","784.0563324412959","33.6","77.45966692414834","391.41805166048977","847.4002341387225","40.8","322.44069222106566","277.826389805172","513.1211620686204","277.826389805172","513.1211620686204","12.255507940800143","6.924015785762792","images/Anthony%20Kilhoffer.webp","false","false","0.7","0"
"Emile Haynie","producer","low","1","Emile Haynie|producer","1","","Emile Haynie","","Producer","Emile Haynie","false","120","328","#7a6a8a","120","328","62","62","247","85","328","2.0943951023931953","436.0000000000001","784.0563324412959","146.4","157.48015748023622","387.0690865219494","933.7418885454288","201.6","276.5863337187866","837.50448521318","641.7449099742996","837.50448521318","641.7449099742996","6","3.389830508474576","images/Emile%20Haynie.webp","false","false","0.4","0"
"J Gramm","producer","medium","5","J Gramm|producer","5","","J Gramm","","Producer","J Gramm","false","120","328","#7a6a8a","120","328","82","82","25","19","328","2.0943951023931953","436.0000000000001","784.0563324412959","194.4","181.10770276274835","604.2725248606472","717.0909878440871","43.199999999999996","331.27631970909124","834.9730099486978","266.4797983136166","834.9730099486978","266.4797983136166","12.255507940800143","6.924015785762792","images/J%20Gramm.webp","false","false","0.7","0"
"WondaGurl","producer","high","16","WondaGurl|producer","16","","WondaGurl","","Producer","WondaGurl","false","120","328","#7a6a8a","120","328","167","167","4","4","328","2.0943951023931953","436.0000000000001","784.0563324412959","398.4","258.4569596664017","220.13206196404403","926.1866716659126","7.199999999999999","380","831.173499522257","801.593788262678","831.173499522257","801.593788262678","23.893213519106975","13.498990688761003","images/WondaGurl.webp","false","false","1","1"
"Rey Reel","producer","low","1","Rey Reel|producer","1","","Rey Reel","","Producer","Rey Reel","false","120","328","#7a6a8a","120","328","126","126","247","86","328","2.0943951023931953","436.0000000000001","784.0563324412959","300","224.4994432064365","431.03932127519096","559.6117030411046","204","278.20855486487113","327.5334778524375","556.2316130731801","327.5334778524375","556.2316130731801","6","3.389830508474576","images/Rey%20Reel.webp","false","false","0.4","0"
"Rahki","producer","low","1","Rahki|producer","1","","Rahki","","Producer","Rahki","false","120","328","#7a6a8a","120","328","124","124","247","87","328","2.0943951023931953","436.0000000000001","784.0563324412959","295.2","222.71057451320087","657.3716281747544","759.6718652693781","206.4","279.8213715926645","763.8772623152323","273.1867664882303","763.8772623152323","273.1867664882303","6","3.389830508474576","images/Rahki.webp","false","false","0.4","0"
"Dahi","producer","low","3","Dahi|producer","3","","Dahi","","Producer","Dahi","false","120","328","#7a6a8a","120","328","50","50","51","33","328","2.0943951023931953","436.0000000000001","784.0563324412959","117.6","141.4213562373095","406.55742366399124","645.7337576434767","76.8","305.6718732851406","651.4190244510307","801.3160766407118","651.4190244510307","801.3160766407118","9.47300783992378","5.351981830465412","images/Dahi.webp","false","false","0.4","0"
"Young Chop","producer","low","1","Young Chop|producer","1","","Young Chop","","Producer","Young Chop","false","120","328","#7a6a8a","120","328","169","169","247","88","328","2.0943951023931953","436.0000000000001","784.0563324412959","403.2","260","559.4295144851818","1012.8906719840147","208.79999999999998","281.4249455894058","632.5473814220297","779.5365234858746","632.5473814220297","779.5365234858746","6","3.389830508474576","images/Young%20Chop.webp","false","false","0.4","0"
"MIKE DEAN","producer","high","53","MIKE DEAN|producer","53","","MIKE DEAN","","Producer","MIKE DEAN","false","120","328","#7a6a8a","120","328","99","99","1","1","328","2.0943951023931953","436.0000000000001","784.0563324412959","235.2","198.997487421324","254.25291426785301","865.0995112281104","0","380","980","500","980","500","51.318602341408734","28.993560644863692","images/MIKE%20DEAN.webp","false","false","1","1"
"Rick Rubin","producer","low","1","Rick Rubin|producer","1","","Rick Rubin","","Producer","Rick Rubin","false","120","328","#7a6a8a","120","328","128","128","247","89","328","2.0943951023931953","436.0000000000001","784.0563324412959","304.8","226.27416997969522","210.21122954326617","769.2431242932844","211.2","283.0194339616981","385.97736533119826","314.8127654253009","385.97736533119826","314.8127654253009","6","3.389830508474576","images/Rick%20Rubin.webp","false","false","0.4","0"
"Lex Luger","producer","low","4","Lex Luger|producer","4","","Lex Luger","","Producer","Lex Luger","false","120","328","#7a6a8a","120","328","95","95","31","26","328","2.0943951023931953","436.0000000000001","784.0563324412959","225.6","194.93588689617926","597.4717945966277","674.8461701405992","60","348.0081571161154","268.55251387225456","393.92341748079906","268.55251387225456","393.92341748079906","10.917047464637365","6.167823426348794","images/Lex%20Luger.webp","false","false","0.7","0"
"No I.D.","producer","low","1","No I.D.|producer","1","","No I.D.","","Producer","No I.D.","false","120","328","#7a6a8a","120","328","114","114","247","90","328","2.0943951023931953","436.0000000000001","784.0563324412959","271.2","213.5415650406262","547.2082053296","966.3548104035914","213.6","284.60498941515414","884.4910247998046","491.9466275165612","884.4910247998046","491.9466275165612","6","3.389830508474576","images/No%20I.D..webp","false","false","0.4","0"
"Ann Marie Calhoun","producer","low","1","Ann Marie Calhoun|producer","1","","Ann Marie Calhoun","","Producer","Ann Marie Calhoun","false","120","328","#7a6a8a","120","328","14","14","247","91","328","2.0943951023931953","436.0000000000001","784.0563324412959","31.2","74.83314773547883","509.0953948909907","768.0231404406321","216","286.18176042508367","394.5257647105958","699.1992435533693","394.5257647105958","699.1992435533693","6","3.389830508474576","images/Ann%20Marie%20Calhoun.webp","false","false","0.4","0"
"SAK PASE","producer","low","1","SAK PASE|producer","1","","SAK PASE","","Producer","SAK PASE","false","120","328","#7a6a8a","120","328","132","132","247","92","328","2.0943951023931953","436.0000000000001","784.0563324412959","314.4","229.78250586152114","659.1562876514175","838.8401921231206","218.4","287.74989139876317","617.056607425227","212.75607553310778","617.056607425227","212.75607553310778","6","3.389830508474576","images/SAK%20PASE.webp","false","false","0.4","0"
"The Dope Boyz","producer","low","1","The Dope Boyz|producer","1","","The Dope Boyz","","Producer","The Dope Boyz","false","120","328","#7a6a8a","120","328","154","154","247","93","328","2.0943951023931953","436.0000000000001","784.0563324412959","367.2","248.19347291981714","204.27554340804159","872.9595169577211","220.79999999999998","289.30952282978865","782.4287100357785","724.5434607257175","782.4287100357785","724.5434607257175","6","3.389830508474576","images/The%20Dope%20Boyz.webp","false","false","0.4","0"
"Rich Homie Quan","artist","low","1","Rich Homie Quan|artist","1","Trap","","Rich Homie Quan","Trap","Rich Homie Quan","false","72","258","#c4a05c","72","258","15","15","247","94","258","1.2566370614359172","679.7263845487364","745.3725812041496","33.6","77.45966692414834","635.1444362092261","808.7164829015761","223.2","290.8607914449798","312.2728196279277","457.41984411563294","312.2728196279277","457.41984411563294","6","3.389830508474576","images/Rich%20Homie%20Quan.webp","false","false","0.4","0"
"Young Thug","artist","high","7","Young Thug|artist","7","Trap","","Young Thug","Trap","Young Thug","false","72","258","#c4a05c","72","258","20","20","14","11","258","1.2566370614359172","679.7263845487364","745.3725812041496","45.6","89.44271909999159","675.5324759092083","834.7169214296126","24","336.833998962609","742.8779113173106","194.97041895129973","742.8779113173106","194.97041895129973","14.713586331368166","8.312760639191055","images/Young%20Thug.webp","false","false","1","1"
"Metro Boomin","producer","high","11","Metro Boomin|producer","11","","Metro Boomin","","Producer","Metro Boomin","false","120","328","#7a6a8a","120","328","105","105","7","7","328","2.0943951023931953","436.0000000000001","784.0563324412959","249.6","204.93901531919195","404.03433284850524","581.6256131234022","14.399999999999999","380","501.26940463877344","866.9499550887256","501.26940463877344","866.9499550887256","19.072970008452337","10.775689270312055","images/Metro%20Boomin.webp","false","false","1","1"
"Southside","producer","low","4","Southside|producer","4","","Southside","","Producer","Southside","false","120","328","#7a6a8a","120","328","139","139","31","27","328","2.0943951023931953","436.0000000000001","784.0563324412959","331.2","235.7965224510319","380.4030172153712","554.9079623723694","62.4","354.6374795978055","922.0788147538872","351.5648996287765","922.0788147538872","351.5648996287765","10.917047464637365","6.167823426348794","images/Southside.webp","false","false","0.7","0"
"AudioKlique","producer","low","1","AudioKlique|producer","1","","AudioKlique","","Producer","AudioKlique","false","120","328","#7a6a8a","120","328","16","16","247","95","328","2.0943951023931953","436.0000000000001","784.0563324412959","36","80","425.7629048298077","704.7140241658467","225.6","292.4038303442689","842.2076918949413","336.1847565489548","842.2076918949413","336.1847565489548","6","3.389830508474576","images/AudioKlique.webp","false","false","0.4","0"
"C Gutta","producer","low","1","C Gutta|producer","1","","C Gutta","","Producer","C Gutta","false","120","328","#7a6a8a","120","328","31","31","247","96","328","2.0943951023931953","436.0000000000001","784.0563324412959","72","111.35528725660043","328.29153289364615","812.3209059140987","228","293.93876913398134","531.6920335030989","785.8916258183478","531.6920335030989","785.8916258183478","6","3.389830508474576","images/C%20Gutta.webp","false","false","0.4","0"
"FKi 1st","producer","low","3","FKi 1st|producer","3","","FKi 1st","","Producer","FKi 1st","false","120","328","#7a6a8a","120","328","66","66","51","34","328","2.0943951023931953","436.0000000000001","784.0563324412959","156","162.48076809271922","512.6344269305391","640.7832902839247","79.2","310.2687007525359","354.92507873075215","309.72401719728623","354.92507873075215","309.72401719728623","9.47300783992378","5.351981830465412","images/FKi%201st.webp","false","false","0.4","0"
"Charlie Handsome","producer","low","1","Charlie Handsome|producer","1","","Charlie Handsome","","Producer","Charlie Handsome","false","120","328","#7a6a8a","120","328","39","39","247","97","328","2.0943951023931953","436.0000000000001","784.0563324412959","91.2","124.89995996796796","311.64925231165785","772.3562662299346","230.39999999999998","295.4657340538831","456.51908997314524","241.71095947008206","456.51908997314524","241.71095947008206","6","3.389830508474576","images/Charlie%20Handsome.webp","false","false","0.4","0"
"Big Sean","artist","low","2","Big Sean|artist","2","Mainstream Rap","","Big Sean","Mainstream Rap","Big Sean","false","24","258","#a85561","24","258","1","1","76","55","258","0.41887902047863906","835.694728071791","604.9380539135565","0","36.5","872.194728071791","604.9380539135565","129.6","323.2645975048922","373.5537845947455","269.3008202688249","373.5537845947455","269.3008202688249","7.873514378137413","4.448313207987239","images/Big%20Sean.webp","false","false","0.4","0"
"The 1975","artist","low","1","The 1975|artist","1","Alternative","","The 1975","Alternative","The 1975","false","286","291","#5d8a9c","286","291","2","2","247","98","291","4.991641660703783","680.2104705427469","220.27284648194922","2.4","49.49747468305833","643.7113437762978","253.70656816061788","232.79999999999998","296.98484809834997","881.7076273521461","594.0255959386825","881.7076273521461","594.0255959386825","6","3.389830508474576","images/The%201975.webp","false","false","0.4","0"
"Vinylz","producer","medium","9","Vinylz|producer","9","","Vinylz","","Producer","Vinylz","false","120","328","#7a6a8a","120","328","164","164","9","9","328","2.0943951023931953","436.0000000000001","784.0563324412959","391.2","256.12496949731394","417.64783334517546","1039.5229603578862","19.2","380","956.9037317448109","630.4596729515603","956.9037317448109","630.4596729515603","16.966610165238237","9.585655460586574","images/Vinylz.webp","false","false","1","0"
"Allen Ritter","producer","high","22","Allen Ritter|producer","22","","Allen Ritter","","Producer","Allen Ritter","false","120","328","#7a6a8a","120","328","13","13","2","2","328","2.0943951023931953","436.0000000000001","784.0563324412959","28.799999999999997","72.11102550927978","373.62469249468444","747.8717913551178","2.4","380.00000000000006","319.7903880943267","756.6760086094374","319.7903880943267","756.6760086094374","29.110616811854634","16.446676164889624","images/Allen%20Ritter.webp","false","false","1","1"
"Migos","artist","low","1","Migos|artist","1","Trap","","Migos","Trap","Migos","false","72","258","#c4a05c","72","258","9","9","247","99","258","1.2566370614359172","679.7263845487364","745.3725812041496","19.2","73.5","748.7590800309564","770.6062284724119","235.2","298.496231131986","327.37937140177934","621.5647681802217","327.37937140177934","621.5647681802217","6","3.389830508474576","images/Migos.webp","false","false","0.4","0"
"Peewee Longway","artist","low","1","Peewee Longway|artist","1","Trap","","Peewee Longway","Trap","Peewee Longway","false","72","258","#c4a05c","72","258","12","12","247","100","258","1.2566370614359172","679.7263845487364","745.3725812041496","26.4","69.28203230275508","700.4346389527055","811.4873919468303","237.6","300","719.5152912111743","224.83442227141086","719.5152912111743","224.83442227141086","6","3.389830508474576","images/Peewee%20Longway.webp","false","false","0.4","0"
"FKi","producer","low","2","FKi|producer","2","","FKi","","Producer","FKi","false","120","328","#7a6a8a","120","328","65","65","76","56","328","2.0943951023931953","436.0000000000001","784.0563324412959","153.6","161.24515496597098","283.880275875474","837.5314624764635","132","326.1901286060018","925.7302241538773","517.3153421180407","925.7302241538773","517.3153421180407","7.873514378137413","4.448313207987239","images/FKi.webp","false","false","0.4","0"
"OZ","producer","high","10","OZ|producer","10","","OZ","","Producer","OZ","false","120","328","#7a6a8a","120","328","116","116","8","8","328","2.0943951023931953","436.0000000000001","784.0563324412959","276","215.40659228538016","629.0009321006917","688.3973537290797","16.8","380.00000000000006","424.9421367836822","162.7245272390282","424.9421367836822","162.7245272390282","18.035617008818164","10.1896141292758","images/OZ.webp","false","false","1","1"
"Syk Sense","producer","low","1","Syk Sense|producer","1","","Syk Sense","","Producer","Syk Sense","false","120","328","#7a6a8a","120","328","143","143","247","101","328","2.0943951023931953","436.0000000000001","784.0563324412959","340.8","239.16521486202797","451.01040064393055","1022.7500438635047","240","301.4962686336267","698.2218480094386","785.0481864064578","698.2218480094386","785.0481864064578","6","3.389830508474576","images/Syk%20Sense.webp","false","false","0.4","0"
"J. Hill","producer","low","1","J. Hill|producer","1","","J. Hill","","Producer","J. Hill","false","120","328","#7a6a8a","120","328","83","83","247","102","328","2.0943951023931953","436.0000000000001","784.0563324412959","196.79999999999998","182.20867158288598","356.6701836919457","948.0891957478003","242.39999999999998","302.9851481508623","333.72378138309995","355.44213823148584","333.72378138309995","355.44213823148584","6","3.389830508474576","images/J.%20Hill.webp","false","false","0.4","0"
"Tane Runo","producer","low","1","Tane Runo|producer","1","","Tane Runo","","Producer","Tane Runo","false","120","328","#7a6a8a","120","328","149","149","247","103","328","2.0943951023931953","436.0000000000001","784.0563324412959","355.2","244.13111231467406","196.73671836016518","735.5477552725413","244.79999999999998","304.4667469527666","895.4315549599982","426.37801731875453","895.4315549599982","426.37801731875453","6","3.389830508474576","images/Tane%20Runo.webp","false","false","0.4","0"
"Sonny Digital","producer","low","2","Sonny Digital|producer","2","","Sonny Digital","","Producer","Sonny Digital","false","120","328","#7a6a8a","120","328","138","138","76","57","328","2.0943951023931953","436.0000000000001","784.0563324412959","328.8","234.9468024894146","322.62561412726217","989.8383739997845","134.4","329.08965343808666","345.8736614651052","709.0928120783879","345.8736614651052","709.0928120783879","7.873514378137413","4.448313207987239","images/Sonny%20Digital.webp","false","false","0.4","0"
"Quavo","artist","high","18","Quavo|artist","18","Trap","","Quavo","Trap","Quavo","false","72","258","#c4a05c","72","258","14","14","3","3","258","1.2566370614359172","679.7263845487364","745.3725812041496","31.2","74.83314773547883","752.8217794397269","729.3393892034858","4.8","380","633.2496137069896","121.45744864238054","633.2496137069896","121.45744864238054","25.68882515137623","14.513460537500693","images/Quavo.webp","false","false","1","1"
"Ging","producer","medium","8","Ging|producer","8","","Ging","","Producer","Ging","false","120","328","#7a6a8a","120","328","72","72","10","10","328","2.0943951023931953","436.0000000000001","784.0563324412959","170.4","169.70562748477138","559.7083974012899","900.2296185805998","21.599999999999998","380","248.7007255326343","644.8751868288786","248.7007255326343","644.8751868288786","15.861281550435518","8.961176017195207","images/Ging.webp","false","false","1","0"
"Future","artist","medium","3","Future|artist","3","Trap","","Future","Trap","Future","false","72","258","#c4a05c","72","258","4","4","51","35","258","1.2566370614359172","679.7263845487364","745.3725812041496","7.199999999999999","64","718.6608686788007","796.1673244904954","81.6","314.7984104402153","913.7558351290702","474.40087622308175","913.7558351290702","474.40087622308175","9.47300783992378","5.351981830465412","images/Future.webp","false","false","0.7","0"
"2 Chainz","artist","medium","3","2 Chainz|artist","3","Trap","","2 Chainz","Trap","2 Chainz","false","72","258","#c4a05c","72","258","1","1","51","36","258","1.2566370614359172","679.7263845487364","745.3725812041496","0","36.5","716.2263845487364","745.3725812041496","84","319.26385915838625","382.8930744804104","734.0811710841717","382.8930744804104","734.0811710841717","9.47300783992378","5.351981830465412","images/2%20Chainz.webp","false","false","0.7","0"
"Mano","producer","low","1","Mano|producer","1","","Mano","","Producer","Mano","false","120","328","#7a6a8a","120","328","101","101","247","104","328","2.0943951023931953","436.0000000000001","784.0563324412959","240","200.9975124224178","501.48123200629254","974.0884567122678","247.2","305.9411708155671","431.06541928392915","755.0707890729265","431.06541928392915","755.0707890729265","6","3.389830508474576","images/Mano.webp","false","false","0.4","0"
"Zaytoven","producer","low","1","Zaytoven|producer","1","","Zaytoven","","Producer","Zaytoven","false","120","328","#7a6a8a","120","328","173","173","247","105","328","2.0943951023931953","436.0000000000001","784.0563324412959","412.8","263.0589287593181","353.3918169566899","534.3046796053578","249.6","307.4085229787879","552.0514992727577","196.35392102315956","552.0514992727577","196.35392102315956","6","3.389830508474576","images/Zaytoven.webp","false","false","0.4","0"
"Juicy J","artist","low","1","Juicy J|artist","1","Southern Hip-Hop","","Juicy J","Southern Hip-Hop","Juicy J","false","144","263","#9c7a5d","144","263","3","3","247","106","263","2.5132741228718345","387.22853047938884","654.5875213529205","4.8","58.023702053557386","392.30554542446845","596.7863628935311","252","308.86890422961005","841.6009972730005","692.4290989343649","841.6009972730005","692.4290989343649","6","3.389830508474576","images/Juicy%20J.webp","false","false","0.4","0"
"Kacy Hill","artist","low","1","Kacy Hill|artist","1","Pop","","Kacy Hill","Pop","Kacy Hill","false","0","293","#d0a8b0","0","293","6","6","247","107","293","0","893","500","12","71.03520254071216","952.9433368733444","461.88443409197816","254.39999999999998","310.32241298365807","290.41612219171225","521.396789506447","290.41612219171225","521.396789506447","6","3.389830508474576","images/Kacy%20Hill.webp","false","false","0.4","0"
"The Weeknd","artist","high","7","The Weeknd|artist","7","Pop","The Weeknd","The Weeknd","Pop","The Weeknd","true","0","293","#d0a8b0","0","293","9","9","14","12","293","0","893","500","19.2","73.5","962.03269548222","525.2336472682623","26.4","351.81163791356954","705.1557620070215","835.7286021299813","705.1557620070215","835.7286021299813","14.713586331368166","8.312760639191055","images/The%20Weeknd.webp","false","false","1","1"
"The Weeknd","producer","low","2","The Weeknd|producer","2","Pop","The Weeknd","The Weeknd","Producer","The Weeknd","true","120","328","#7a6a8a","120","328","156","156","76","58","328","2.0943951023931953","436.0000000000001","784.0563324412959","372","249.79991993593592","504.7285404053973","1024.2154208259408","136.79999999999998","331.96385345395663","646.5597917802482","171.31750002566315","646.5597917802482","171.31750002566315","7.873514378137413","4.448313207987239","images/The%20Weeknd.webp","false","false","0.4","0"
"Ben Billions","producer","low","1","Ben Billions|producer","1","","Ben Billions","","Producer","Ben Billions","false","120","328","#7a6a8a","120","328","20","20","247","108","328","2.0943951023931953","436.0000000000001","784.0563324412959","45.6","89.44271909999159","431.80609136047195","873.400672666759","256.8","311.7691453623979","814.829355776004","274.06118550176666","814.829355776004","274.06118550176666","6","3.389830508474576","images/Ben%20Billions.webp","false","false","0.4","0"
"Illangelo","producer","low","2","Illangelo|producer","2","","Illangelo","","Producer","Illangelo","false","120","328","#7a6a8a","120","328","81","81","76","59","328","2.0943951023931953","436.0000000000001","784.0563324412959","192","180","267.71985293129774","720.1674280639636","139.2","334.8133808556641","789.2910458901792","776.1682457231498","789.2910458901792","776.1682457231498","7.873514378137413","4.448313207987239","images/Illangelo.webp","false","false","0.4","0"
"Chief Keef","artist","low","1","Chief Keef|artist","1","Drill","","Chief Keef","Drill","Chief Keef","false","168","306","#6a4a6a","168","306","1","1","247","109","306","2.9321531433504737","300.6868341754555","563.6209773902343","0","36.5","337.1868341754555","563.6209773902343","259.2","313.20919526731655","594.17274125178","813.1549824854801","594.17274125178","813.1549824854801","6","3.389830508474576","images/Chief%20Keef.webp","false","false","0.4","0"
"Swae Lee","artist","medium","3","Swae Lee|artist","3","Pop","","Swae Lee","Pop","Swae Lee","false","0","293","#d0a8b0","0","293","8","8","51","37","293","0","893","500","16.8","73.53910524340095","859.1221088769745","434.72911450687656","86.39999999999999","323.66770662783995","602.0073827536149","176.33851831241032","602.0073827536149","176.33851831241032","9.47300783992378","5.351981830465412","images/Swae%20Lee.webp","false","false","0.7","0"
"TM88","producer","medium","7","TM88|producer","7","","TM88","","Producer","TM88","false","120","328","#7a6a8a","120","328","146","146","14","13","328","2.0943951023931953","436.0000000000001","784.0563324412959","348","241.66091947189145","253.80650214798325","942.8188259353424","28.799999999999997","366.17716243058396","283.26045917773934","316.2562176142611","283.26045917773934","316.2562176142611","14.713586331368166","8.312760639191055","images/TM88.webp","false","false","0.7","0"
"Charlie Heat","producer","low","2","Charlie Heat|producer","2","","Charlie Heat","","Producer","Charlie Heat","false","120","328","#7a6a8a","120","328","40","40","76","60","328","2.0943951023931953","436.0000000000001","784.0563324412959","93.6","126.49110640673518","536.8672446858174","707.7294109162438","141.6","337.6388603226826","271.12434481172784","423.5748508376679","271.12434481172784","423.5748508376679","7.873514378137413","4.448313207987239","images/Charlie%20Heat.webp","false","false","0.4","0"
"DK the Drummer","producer","low","1","DK the Drummer|producer","1","","DK the Drummer","","Producer","DK the Drummer","false","120","328","#7a6a8a","120","328","46","46","247","110","328","2.0943951023931953","436.0000000000001","784.0563324412959","108","135.64659966250537","486.9366000777304","909.7761112055038","261.59999999999997","314.6426544510455","391.8239081309209","264.0705300855428","391.8239081309209","264.0705300855428","6","3.389830508474576","images/DK%20the%20Drummer.webp","false","false","0.4","0"
"Noah Goldstein","producer","medium","6","Noah Goldstein|producer","6","","Noah Goldstein","","Producer","Noah Goldstein","false","120","328","#7a6a8a","120","328","115","115","16","15","328","2.0943951023931953","436.0000000000001","784.0563324412959","273.59999999999997","214.47610589527216","229.96208557837997","724.4880705832467","33.6","367.93341788970463","388.2357453873259","800.8835330627759","388.2357453873259","800.8835330627759","13.515432259221578","7.6358374345884625","images/Noah%20Goldstein.webp","false","false","0.7","0"
"Eestbound","producer","low","1","Eestbound|producer","1","","Eestbound","","Producer","Eestbound","false","120","328","#7a6a8a","120","328","59","59","247","111","328","2.0943951023931953","436.0000000000001","784.0563324412959","139.2","153.62291495737216","522.8526884160435","910.77101396994","264","316.06961258558215","914.2883281817822","533.508905811744","914.2883281817822","533.508905811744","6","3.389830508474576","images/Eestbound.webp","false","false","0.4","0"
"Justin Bieber","artist","low","1","Justin Bieber|artist","1","Pop","","Justin Bieber","Pop","Justin Bieber","false","0","293","#d0a8b0","0","293","5","5","247","112","293","0","893","500","9.6","68.20007331374359","825.8442160436875","488.11090074004386","266.4","317.49015732775086","344.4684060055266","688.4240018432993","344.4684060055266","688.4240018432993","6","3.389830508474576","images/Justin%20Bieber.webp","false","false","0.4","0"
"Maneesh","producer","low","1","Maneesh|producer","1","","Maneesh","","Producer","Maneesh","false","120","328","#7a6a8a","120","328","100","100","247","113","328","2.0943951023931953","436.0000000000001","784.0563324412959","237.6","200","515.6768608074495","600.6126139555698","268.8","318.9043743820395","661.4263178212286","187.0674074518197","661.4263178212286","187.0674074518197","6","3.389830508474576","images/Maneesh.webp","false","false","0.4","0"
"Pharrell Williams","artist","low","2","Pharrell Williams|artist","2","Psychedelic","Pharrell Williams","Pharrell Williams","Psychedelic","Pharrell Williams","true","310","258","#5d7a9c","310","258","6","6","76","61","258","5.410520681182422","765.8392032991271","302.36053367530366","12","71.03520254071216","825.7825401724715","264.2449677672818","144","340.44089061098396","896.574197060895","332.8361712639802","896.574197060895","332.8361712639802","7.873514378137413","4.448313207987239","images/Pharrell%20Williams.webp","false","false","0.4","0"
"Pharrell Williams","producer","low","3","Pharrell Williams|producer","3","Psychedelic","Pharrell Williams","Pharrell Williams","Producer","Pharrell Williams","true","120","328","#7a6a8a","120","328","119","119","51","38","328","2.0943951023931953","436.0000000000001","784.0563324412959","283.2","218.17424229271427","631.8178763011767","880.2611104977784","88.8","328.0124340063118","820.0559595801077","743.2437697373215","820.0559595801077","743.2437697373215","9.47300783992378","5.351981830465412","images/Pharrell%20Williams.webp","false","false","0.4","0"
"1500 or Nothin","producer","low","1","1500 or Nothin|producer","1","","1500 or Nothin","","Producer","1500 or Nothin","false","120","328","#7a6a8a","120","328","2","2","247","114","328","2.0943951023931953","436.0000000000001","784.0563324412959","2.4","49.49747468305833","399.50087323355103","817.4900541199646","271.2","320.3123475609393","766.8123079943998","773.4477169434433","766.8123079943998","773.4477169434433","6","3.389830508474576","images/1500%20or%20Nothin.webp","false","false","0.4","0"
"Terrace Martin","producer","low","1","Terrace Martin|producer","1","","Terrace Martin","","Producer","Terrace Martin","false","120","328","#7a6a8a","120","328","152","152","247","115","328","2.0943951023931953","436.0000000000001","784.0563324412959","362.4","246.57656011875903","327.8711885658372","562.4527220514035","273.59999999999997","321.7141588429082","290.94312836756984","410.64760721292606","290.94312836756984","410.64760721292606","6","3.389830508474576","images/Terrace%20Martin.webp","false","false","0.4","0"
"ScHoolboy Q","artist","low","1","ScHoolboy Q|artist","1","Mainstream Rap","","ScHoolboy Q","Mainstream Rap","ScHoolboy Q","false","24","258","#a85561","24","258","6","6","247","116","258","0.41887902047863906","835.694728071791","604.9380539135565","12","71.03520254071216","895.6380649451354","566.8224880055346","276","323.10988842807024","889.5013981510374","356.5115319316757","889.5013981510374","356.5115319316757","6","3.389830508474576","images/ScHoolboy%20Q.webp","false","false","0.4","0"
"Andre 3000","artist","low","1","Andre 3000|artist","1","Southern Hip-Hop","","Andre 3000","Southern Hip-Hop","Andre 3000","false","144","263","#9c7a5d","144","263","1","1","247","117","263","2.5132741228718345","387.22853047938884","654.5875213529205","0","36.5","423.72853047938884","654.5875213529205","278.4","324.4996147917591","482.94334979614854","802.6511864226757","482.94334979614854","802.6511864226757","6","3.389830508474576","images/Andre%203000.webp","false","false","0.4","0"
"Evian Christ","producer","low","1","Evian Christ|producer","1","","Evian Christ","","Producer","Evian Christ","false","120","328","#7a6a8a","120","328","63","63","247","118","328","2.0943951023931953","436.0000000000001","784.0563324412959","148.79999999999998","158.74507866387543","370.45196284527384","639.4760612243605","280.8","325.88341473600644","481.38342323721855","196.4705817930012","481.38342323721855","196.4705817930012","6","3.389830508474576","images/Evian%20Christ.webp","false","false","0.4","0"
"Daxz","producer","low","1","Daxz|producer","1","","Daxz","","Producer","Daxz","false","120","328","#7a6a8a","120","328","51","51","247","119","328","2.0943951023931953","436.0000000000001","784.0563324412959","120","142.82856857085702","552.28830257794","866.984196778571","283.2","327.26136343907143","893.726814451765","644.3071670847238","893.726814451765","644.3071670847238","6","3.389830508474576","images/Daxz.webp","false","false","0.4","0"
"Hit-Boy","producer","low","4","Hit-Boy|producer","4","","Hit-Boy","","Producer","Hit-Boy","false","120","328","#7a6a8a","120","328","76","76","31","28","328","2.0943951023931953","436.0000000000001","784.0563324412959","180","174.35595774162695","331.65492148929707","644.3705973406951","64.8","361.1451321167336","460.2452410621959","833.0081287383977","460.2452410621959","833.0081287383977","10.917047464637365","6.167823426348794","images/Hit-Boy.webp","false","false","0.7","0"
"Honorable C.N.O.T.E.","producer","low","1","Honorable C.N.O.T.E.|producer","1","","Honorable C.N.O.T.E.","","Producer","Honorable C.N.O.T.E.","false","120","328","#7a6a8a","120","328","77","77","247","120","328","2.0943951023931953","436.0000000000001","784.0563324412959","182.4","175.49928774784246","608.4192403876291","816.791719168094","285.59999999999997","328.63353450309967","284.6166684979704","592.3761560722295","284.6166684979704","592.3761560722295","6","3.389830508474576","images/Honorable%20C.N.O.T.E..webp","false","false","0.4","0"
"Cashmere Cat","producer","low","1","Cashmere Cat|producer","1","","Cashmere Cat","","Producer","Cashmere Cat","false","120","328","#7a6a8a","120","328","38","38","247","121","328","2.0943951023931953","436.0000000000001","784.0563324412959","88.8","123.28828005937952","518.7112571376663","875.4830678238243","288","330","770.8725442547684","217.68355765222913","770.8725442547684","217.68355765222913","6","3.389830508474576","images/Cashmere%20Cat.webp","false","false","0.4","0"
"Roget Chahayed","producer","low","3","Roget Chahayed|producer","3","","Roget Chahayed","","Producer","Roget Chahayed","false","120","328","#7a6a8a","120","328","131","131","51","39","328","2.0943951023931953","436.0000000000001","784.0563324412959","312","228.91046284519194","308.93449681852417","593.6505607293062","91.2","332.30036023417836","269.16083669824224","468.8715975746013","269.16083669824224","468.8715975746013","9.47300783992378","5.351981830465412","images/Roget%20Chahayed.webp","false","false","0.4","0"
"CuBeatz","producer","high","12","CuBeatz|producer","12","","CuBeatz","","Producer","CuBeatz","false","120","328","#7a6a8a","120","328","42","42","6","6","328","2.0943951023931953","436.0000000000001","784.0563324412959","98.39999999999999","129.6148139681572","367.1318869469485","674.2511276260774","12","379.99999999999994","920.664504318347","296.10229115983475","920.664504318347","296.10229115983475","20.08237010254878","11.345971809349592","images/CuBeatz.webp","false","false","1","1"
"Kid Cudi","artist","medium","4","Kid Cudi|artist","4","Psychedelic","","Kid Cudi","Psychedelic","Kid Cudi","false","310","258","#5d7a9c","310","258","4","4","31","29","258","5.410520681182422","765.8392032991271","302.36053367530366","7.199999999999999","64","804.7736874291915","353.1552769616494","67.2","367.53757762675366","475.96220760271854","154.02529424110946","475.96220760271854","154.02529424110946","10.917047464637365","6.167823426348794","images/Kid%20Cudi.webp","false","false","0.7","0"
"Cardo Got Wings","producer","medium","6","Cardo Got Wings|producer","6","","Cardo Got Wings","","Producer","Cardo Got Wings","false","120","328","#7a6a8a","120","328","37","37","16","16","328","2.0943951023931953","436.0000000000001","784.0563324412959","86.39999999999999","121.65525060596438","436.75450422440184","662.4034215703457","36","380","551.3737979415862","123.12403569161603","551.3737979415862","123.12403569161603","13.515432259221578","7.6358374345884625","images/Cardo%20Got%20Wings.webp","false","false","0.7","0"
"NAV","artist","low","2","NAV|artist","2","Trap","NAV","NAV","Trap","NAV","true","72","258","#c4a05c","72","258","10","10","76","62","258","1.2566370614359172","679.7263845487364","745.3725812041496","21.599999999999998","72.73238618387273","612.4873463995923","773.1018391959883","146.4","343.2200460346102","493.3575464670223","826.2321061828014","493.3575464670223","826.2321061828014","7.873514378137413","4.448313207987239","images/NAV.webp","false","false","0.4","0"
"NAV","producer","low","1","NAV|producer","1","Trap","NAV","NAV","Producer","NAV","true","120","328","#7a6a8a","120","328","107","107","247","122","328","2.0943951023931953","436.0000000000001","784.0563324412959","254.39999999999998","206.88160865577203","229.6107481278083","798.3208587789272","290.4","331.36083051561786","664.9608023811805","824.9309067386376","664.9608023811805","824.9309067386376","6","3.389830508474576","images/NAV.webp","false","false","0.4","0"
"Ricci Riera","producer","low","1","Ricci Riera|producer","1","","Ricci Riera","","Producer","Ricci Riera","false","120","328","#7a6a8a","120","328","127","127","247","123","328","2.0943951023931953","436.0000000000001","784.0563324412959","302.4","225.38855339169288","591.8769581890182","946.8518296325238","292.8","332.7160951922825","331.52586329218684","303.47611361721334","331.52586329218684","303.47611361721334","6","3.389830508474576","images/Ricci%20Riera.webp","false","false","0.4","0"
"Murda Beatz","producer","medium","7","Murda Beatz|producer","7","","Murda Beatz","","Producer","Murda Beatz","false","120","328","#7a6a8a","120","328","106","106","14","14","328","2.0943951023931953","436.0000000000001","784.0563324412959","252","205.91260281974002","597.0673315153338","912.3423983975392","31.2","380","971.1757543162591","418.5840346875627","971.1757543162591","418.5840346875627","14.713586331368166","8.312760639191055","images/Murda%20Beatz.webp","false","false","0.7","0"
"21 Savage","artist","high","5","21 Savage|artist","5","Trap","","21 Savage","Trap","21 Savage","false","72","258","#c4a05c","72","258","2","2","25","20","258","1.2566370614359172","679.7263845487364","745.3725812041496","2.4","49.49747468305833","643.2272577822873","778.8063028828183","45.6","339.8823325799681","584.063147169793","839.5084928567595","584.063147169793","839.5084928567595","12.255507940800143","6.924015785762792","images/21%20Savage.webp","false","false","1","1"
"NisiOnTheTrack","producer","low","1","NisiOnTheTrack|producer","1","","NisiOnTheTrack","","Producer","NisiOnTheTrack","false","120","328","#7a6a8a","120","328","113","113","247","124","328","2.0943951023931953","436.0000000000001","784.0563324412959","268.8","212.602916254693","476.9508785474859","575.4346040758423","295.2","334.0658617698013","932.0574422621314","463.42329924212333","932.0574422621314","463.42329924212333","6","3.389830508474576","images/NisiOnTheTrack.webp","false","false","0.4","0"
"Kendrick Lamar","artist","low","1","Kendrick Lamar|artist","1","Mainstream Rap","","Kendrick Lamar","Mainstream Rap","Kendrick Lamar","false","24","258","#a85561","24","258","4","4","247","125","258","0.41887902047863906","835.694728071791","604.9380539135565","7.199999999999999","64","874.6292122018554","655.7327971999023","297.59999999999997","335.4101966249685","378.96322098616355","752.2751321933822","378.96322098616355","752.2751321933822","6","3.389830508474576","images/Kendrick%20Lamar.webp","false","false","0.4","0"
"Yung Exclusive","producer","low","1","Yung Exclusive|producer","1","","Yung Exclusive","","Producer","Yung Exclusive","false","120","328","#7a6a8a","120","328","171","171","247","126","328","2.0943951023931953","436.0000000000001","784.0563324412959","408","261.5339366124404","676.1652332757559","680.5157088889829","300","336.74916480965476","592.5589819127863","163.33305589971297","592.5589819127863","163.33305589971297","6","3.389830508474576","images/Yung%20Exclusive.webp","false","false","0.4","0"
"Bryson Tiller","artist","low","1","Bryson Tiller|artist","1","Pop","","Bryson Tiller","Pop","Bryson Tiller","false","0","293","#d0a8b0","0","293","2","2","247","127","293","0","893","500","2.4","49.49747468305833","856.5008732335509","533.4337216786687","302.4","338.0828300875393","833.8154372835272","744.1932457868419","833.8154372835272","744.1932457868419","6","3.389830508474576","images/Bryson%20Tiller.webp","false","false","0.4","0"
"Sy Ari da Kid","producer","low","1","Sy Ari da Kid|producer","1","","Sy Ari da Kid","","Producer","Sy Ari da Kid","false","120","328","#7a6a8a","120","328","142","142","247","128","328","2.0943951023931953","436.0000000000001","784.0563324412959","338.4","238.32750575625968","585.6342814753616","598.5581335083891","304.8","339.4112549695428","261.3168443148991","477.7801877779827","261.3168443148991","477.7801877779827","6","3.389830508474576","images/Sy%20Ari%20da%20Kid.webp","false","false","0.4","0"
"TEAUXNY","producer","low","1","TEAUXNY|producer","1","","TEAUXNY","","Producer","TEAUXNY","false","120","328","#7a6a8a","120","328","145","145","247","129","328","2.0943951023931953","436.0000000000001","784.0563324412959","345.59999999999997","240.83189157584593","676.7577863364722","790.0303025083159","307.2","340.73450074801644","865.783669084553","286.7887403349607","865.783669084553","286.7887403349607","6","3.389830508474576","images/TEAUXNY.webp","false","false","0.4","0"
"Mel & Mus","producer","low","1","Mel & Mus|producer","1","","Mel & Mus","","Producer","Mel & Mus","false","120","328","#7a6a8a","120","328","104","104","247","130","328","2.0943951023931953","436.0000000000001","784.0563324412959","247.2","203.9607805437114","323.37694618928623","954.1035251565802","309.59999999999997","342.05262752974136","547.8280997733208","838.0504294136267","547.8280997733208","838.0504294136267","6","3.389830508474576","images/Mel%20&%20Mus.webp","false","false","0.4","0"
"Illa Jones","producer","low","1","Illa Jones|producer","1","","Illa Jones","","Producer","Illa Jones","false","120","328","#7a6a8a","120","328","80","80","247","131","328","2.0943951023931953","436.0000000000001","784.0563324412959","189.6","178.88543819998318","516.4329754636451","943.8391114197099","312","343.36569426778794","409.40174522778614","214.39134243201545","409.40174522778614","214.39134243201545","6","3.389830508474576","images/Illa%20Jones.webp","false","false","0.4","0"
"dF","producer","low","1","dF|producer","1","","dF","","Producer","dF","false","120","328","#7a6a8a","120","328","174","174","247","132","328","2.0943951023931953","436.0000000000001","784.0563324412959","415.2","263.81811916545837","666.2754653845151","912.7933125283907","314.4","344.6737587922817","934.734431477126","582.175789522737","934.734431477126","582.175789522737","6","3.389830508474576","images/dF.webp","false","false","0.4","0"
"Boi-1da","producer","medium","5","Boi-1da|producer","5","","Boi-1da","","Producer","Boi-1da","false","120","328","#7a6a8a","120","328","26","26","25","21","328","2.0943951023931953","436.0000000000001","784.0563324412959","60","101.9803902718557","338.8725525572812","752.9716263422852","48","348.27575281664383","377.0532482600513","232.43552947260417","377.0532482600513","232.43552947260417","12.255507940800143","6.924015785762792","images/Boi-1da.webp","false","false","0.7","0"
"T-Minus","producer","low","2","T-Minus|producer","2","","T-Minus","","Producer","T-Minus","false","120","328","#7a6a8a","120","328","144","144","76","63","328","2.0943951023931953","436.0000000000001","784.0563324412959","343.2","240","263.10122252840694","617.6051000973192","148.79999999999998","345.97687784012385","457.14136504754947","184.89460426783796","457.14136504754947","184.89460426783796","7.873514378137413","4.448313207987239","images/T-Minus.webp","false","false","0.4","0"
"DJ Mustard","producer","low","1","DJ Mustard|producer","1","","DJ Mustard","","Producer","DJ Mustard","false","120","328","#7a6a8a","120","328","44","44","247","133","328","2.0943951023931953","436.0000000000001","784.0563324412959","103.2","132.66499161421598","317.87415142446685","844.4407998009588","316.8","345.9768778401239","296.5191556086993","666.1306025015955","296.5191556086993","666.1306025015955","6","3.389830508474576","images/DJ%20Mustard.webp","false","false","0.4","0"
"Free Schoool","producer","low","1","Free Schoool|producer","1","","Free Schoool","","Producer","Free Schoool","false","120","328","#7a6a8a","120","328","70","70","247","134","328","2.0943951023931953","436.0000000000001","784.0563324412959","165.6","167.33200530681512","332.5638949520388","915.5894924143884","319.2","347.27510708370676","711.9884120233315","171.27732726127255","711.9884120233315","171.27732726127255","6","3.389830508474576","images/Free%20Schoool.webp","false","false","0.4","0"
"Gucci Mane","artist","low","1","Gucci Mane|artist","1","Trap","","Gucci Mane","Trap","Gucci Mane","false","72","258","#c4a05c","72","258","5","5","247","135","258","1.2566370614359172","679.7263845487364","745.3725812041496","9.6","68.20007331374359","612.570600592424","733.4834819441934","321.59999999999997","348.5685011586675","739.9799186050693","819.2266003755296","739.9799186050693","819.2266003755296","6","3.389830508474576","images/Gucci%20Mane.webp","false","false","0.4","0"
"Yo Gotti","artist","low","1","Yo Gotti|artist","1","Southern Hip-Hop","","Yo Gotti","Southern Hip-Hop","Yo Gotti","false","144","263","#9c7a5d","144","263","6","6","247","136","263","2.5132741228718345","387.22853047938884","654.5875213529205","12","71.03520254071216","447.17186735273316","616.4719554448986","324","349.85711369071805","279.9751401417327","358.6349085781911","279.9751401417327","358.6349085781911","6","3.389830508474576","images/Yo%20Gotti.webp","false","false","0.4","0"
"Desiigner","artist","low","1","Desiigner|artist","1","Trap","","Desiigner","Trap","Desiigner","false","72","258","#c4a05c","72","258","3","3","247","137","258","1.2566370614359172","679.7263845487364","745.3725812041496","4.8","58.023702053557386","684.803399493816","687.5714227447602","326.4","351.14099732158877","932.6876470358704","387.66599130389716","932.6876470358704","387.66599130389716","6","3.389830508474576","images/Desiigner.webp","false","false","0.4","0"
"A-Trak","producer","low","1","A-Trak|producer","1","","A-Trak","","Producer","A-Trak","false","120","328","#7a6a8a","120","328","6","6","247","138","328","2.0943951023931953","436.0000000000001","784.0563324412959","12","71.03520254071216","495.94333687334444","745.9407665332741","328.8","352.4202037341219","429.93842119089305","808.6730623377329","429.93842119089305","808.6730623377329","6","3.389830508474576","images/A-Trak.webp","false","false","0.4","0"
"Fonzworth Bentley","producer","low","1","Fonzworth Bentley|producer","1","","Fonzworth Bentley","","Producer","Fonzworth Bentley","false","120","328","#7a6a8a","120","328","69","69","247","139","328","2.0943951023931953","436.0000000000001","784.0563324412959","163.2","166.1324772583615","599.9352768264107","757.1263303646505","331.2","353.69478367654784","516.6045258230567","156.2774448966103","516.6045258230567","156.2774448966103","6","3.389830508474576","images/Fonzworth%20Bentley.webp","false","false","0.4","0"
"Buddah Bless","producer","low","3","Buddah Bless|producer","3","","Buddah Bless","","Producer","Buddah Bless","false","120","328","#7a6a8a","120","328","29","29","51","40","328","2.0943951023931953","436.0000000000001","784.0563324412959","67.2","107.70329614269008","399.6519368340163","682.6718252220878","93.6","336.5336565052362","868.3605483422268","296.9297706352711","868.3605483422268","296.9297706352711","9.47300783992378","5.351981830465412","images/Buddah%20Bless.webp","false","false","0.4","0"
"DY Krazy","producer","low","1","DY Krazy|producer","1","","DY Krazy","","Producer","DY Krazy","false","120","328","#7a6a8a","120","328","48","48","247","140","328","2.0943951023931953","436.0000000000001","784.0563324412959","112.8","138.56406460551017","568.4839430080758","743.4607065065608","333.59999999999997","354.96478698597696","894.7216926794409","697.8361035406965","894.7216926794409","697.8361035406965","6","3.389830508474576","images/DY%20Krazy.webp","false","false","0.4","0"
"Takeoff","artist","low","2","Takeoff|artist","2","Trap","","Takeoff","Trap","Takeoff","false","72","258","#c4a05c","72","258","18","18","76","64","258","1.2566370614359172","679.7263845487364","745.3725812041496","40.8","84.85281374238569","594.9438555500975","748.8255185906287","151.2","348.71191548325385","920.7004892250254","636.9350072509925","920.7004892250254","636.9350072509925","7.873514378137413","4.448313207987239","images/Takeoff.webp","false","false","0.4","0"
"Felix Leone","producer","low","2","Felix Leone|producer","2","","Felix Leone","","Producer","Felix Leone","false","120","328","#7a6a8a","120","328","68","68","76","65","328","2.0943951023931953","436.0000000000001","784.0563324412959","160.79999999999998","164.92422502470643","297.93640071965694","693.8430154988577","153.6","351.4256678161115","268.4627476109523","616.546343907996","268.4627476109523","616.546343907996","7.873514378137413","4.448313207987239","images/Felix%20Leone.webp","false","false","0.4","0"
"Supah Mario","producer","low","1","Supah Mario|producer","1","","Supah Mario","","Producer","Supah Mario","false","120","328","#7a6a8a","120","328","141","141","247","141","328","2.0943951023931953","436.0000000000001","784.0563324412959","336","237.48684174075834","201.19458996497775","819.6431195719856","336","356.2302626111375","247.79188494746649","553.3801806960346","247.79188494746649","553.3801806960346","6","3.389830508474576","images/Supah%20Mario.webp","false","false","0.4","0"
"!llmind","producer","low","2","!llmind|producer","2","","!llmind","","Producer","!llmind","false","120","328","#7a6a8a","120","328","1","1","76","66","328","2.0943951023931953","436.0000000000001","784.0563324412959","0","36.5","472.5000000000001","784.0563324412959","156","354.1186241925154","767.0208612931856","187.74364395118806","767.0208612931856","187.74364395118806","7.873514378137413","4.448313207987239","images/!llmind.webp","false","false","0.4","0"
"Offset","artist","low","1","Offset|artist","1","Trap","","Offset","Trap","Offset","false","72","258","#c4a05c","72","258","11","11","247","142","258","1.2566370614359172","679.7263845487364","745.3725812041496","24","71.3074329926411","709.9735006913044","680.7981128357766","338.4","357.4912586343895","824.4514222130422","221.75270160063974","824.4514222130422","221.75270160063974","6","3.389830508474576","images/Offset.webp","false","false","0.4","0"
"Yung Lean","artist","low","1","Yung Lean|artist","1","Psychedelic","Yung Lean","Yung Lean","Psychedelic","Yung Lean","true","310","258","#5d7a9c","310","258","11","11","247","143","258","5.410520681182422","765.8392032991271","302.36053367530366","24","71.3074329926411","796.0863194416951","237.78606530693065","340.8","358.74782229304196","622.5156009658956","858.0405671333133","622.5156009658956","858.0405671333133","6","3.389830508474576","images/Yung%20Lean.webp","false","false","0.4","0"
"Yung Lean","producer","low","1","Yung Lean|producer","1","Psychedelic","Yung Lean","Yung Lean","Producer","Yung Lean","true","120","328","#7a6a8a","120","328","172","172","247","144","328","2.0943951023931953","436.0000000000001","784.0563324412959","410.4","262.29754097208","328.5286731251469","1023.3258747983591","343.2","360","340.6518337926102","250.323151484035","340.6518337926102","250.323151484035","6","3.389830508474576","images/Yung%20Lean.webp","false","false","0.4","0"
"Gud","producer","low","1","Gud|producer","1","","Gud","","Producer","Gud","false","120","328","#7a6a8a","120","328","74","74","247","145","328","2.0943951023931953","436.0000000000001","784.0563324412959","175.2","172.04650534085255","564.2977034854521","669.4278051003279","345.59999999999997","361.2478373637689","961.1366795047081","508.96095510053","961.1366795047081","508.96095510053","6","3.389830508474576","images/Gud.webp","false","false","0.4","0"
"Pas Beatz","producer","low","1","Pas Beatz|producer","1","","Pas Beatz","","Producer","Pas Beatz","false","120","328","#7a6a8a","120","328","118","118","247","146","328","2.0943951023931953","436.0000000000001","784.0563324412959","280.8","217.2556098240043","356.92228215814583","581.7033869699634","348","362.49137920783716","326.7097532219747","738.1437402410696","326.7097532219747","738.1437402410696","6","3.389830508474576","images/Pas%20Beatz.webp","false","false","0.4","0"
"Yipsy","producer","low","1","Yipsy|producer","1","","Yipsy","","Producer","Yipsy","false","120","328","#7a6a8a","120","328","168","168","247","147","328","2.0943951023931953","436.0000000000001","784.0563324412959","400.8","259.2296279363144","499.3647168473767","532.6902395432048","350.4","363.73066958946424","640.8042089510045","138.56533573565088","640.8042089510045","138.56533573565088","6","3.389830508474576","images/Yipsy.webp","false","false","0.4","0"
"Wheezy","producer","low","3","Wheezy|producer","3","","Wheezy","","Producer","Wheezy","false","120","328","#7a6a8a","120","328","166","166","51","41","328","2.0943951023931953","436.0000000000001","784.0563324412959","396","257.6819745345025","690.4183023258121","824.9382042386065","96","340.7143591189017","538.5247551042528","835.1224683228683","538.5247551042528","835.1224683228683","9.47300783992378","5.351981830465412","images/Wheezy.webp","false","false","0.4","0"
"C4Bombs","producer","low","1","C4Bombs|producer","1","","C4Bombs","","Producer","C4Bombs","false","120","328","#7a6a8a","120","328","32","32","247","148","328","2.0943951023931953","436.0000000000001","784.0563324412959","74.39999999999999","113.13708498984761","497.2972392461736","688.9634911713172","352.8","364.96575181789314","814.7738578073928","795.0799722152112","814.7738578073928","795.0799722152112","6","3.389830508474576","images/C4Bombs.webp","false","false","0.4","0"
"Dun Deal","producer","low","1","Dun Deal|producer","1","","Dun Deal","","Producer","Dun Deal","false","120","328","#7a6a8a","120","328","56","56","247","149","328","2.0943951023931953","436.0000000000001","784.0563324412959","132","149.66629547095766","585.4552768361689","792.0011562797562","355.2","366.1966684720111","241.10507754024758","427.23713424686804","241.10507754024758","427.23713424686804","6","3.389830508474576","images/Dun%20Deal.webp","false","false","0.4","0"
"Lil Uzi Vert","artist","low","3","Lil Uzi Vert|artist","3","Psychedelic","","Lil Uzi Vert","Psychedelic","Lil Uzi Vert","false","310","258","#5d7a9c","310","258","5","5","51","42","258","5.410520681182422","765.8392032991271","302.36053367530366","9.6","68.20007331374359","698.6834193428147","290.4714344153475","98.39999999999999","344.8443809297515","416.77417044772244","207.85972129180254","416.77417044772244","207.85972129180254","9.47300783992378","5.351981830465412","images/Lil%20Uzi%20Vert.webp","false","false","0.4","0"
"The Featherstones","producer","low","1","The Featherstones|producer","1","","The Featherstones","","Producer","The Featherstones","false","120","328","#7a6a8a","120","328","155","155","247","150","328","2.0943951023931953","436.0000000000001","784.0563324412959","369.59999999999997","248.99799195977465","547.180557549769","561.2584787197609","357.59999999999997","367.4234614174767","914.8467412300053","310.6021923652597","914.8467412300053","310.6021923652597","6","3.389830508474576","images/The%20Featherstones.webp","false","false","0.4","0"
"Breyan Isaac","producer","low","1","Breyan Isaac|producer","1","","Breyan Isaac","","Producer","Breyan Isaac","false","120","328","#7a6a8a","120","328","28","28","247","151","328","2.0943951023931953","436.0000000000001","784.0563324412959","64.8","105.83005244258362","395.0462333500103","881.6411109529992","360","368.64617182333524","495.41836514310813","853.5006105378882","495.41836514310813","853.5006105378882","6","3.389830508474576","images/Breyan%20Isaac.webp","false","false","0.4","0"
"30 Roc","producer","low","3","30 Roc|producer","3","","30 Roc","","Producer","30 Roc","false","120","328","#7a6a8a","120","328","4","4","51","43","328","2.0943951023931953","436.0000000000001","784.0563324412959","7.199999999999999","64","474.93448413006445","834.8510757276417","100.8","348.9255215770883","936.3739101846162","592.7448767046185","936.3739101846162","592.7448767046185","9.47300783992378","5.351981830465412","images/30%20Roc.webp","false","false","0.4","0"
"BWheezy","producer","low","1","BWheezy|producer","1","","BWheezy","","Producer","BWheezy","false","120","328","#7a6a8a","120","328","19","19","247","152","328","2.0943951023931953","436.0000000000001","784.0563324412959","43.199999999999996","87.17797887081348","497.8350026180785","722.6036477869845","362.4","369.86484017813854","437.80678284875563","167.59458441516142","437.80678284875563","167.59458441516142","6","3.389830508474576","images/BWheezy.webp","false","false","0.4","0"
"CA$HPASSION","producer","low","1","CA$HPASSION|producer","1","","CA$HPASSION","","Producer","CA$HPASSION","false","120","328","#7a6a8a","120","328","33","33","247","153","328","2.0943951023931953","436.0000000000001","784.0563324412959","76.8","114.89125293076057","455.32659384118597","897.310395372821","364.8","371.0795063055894","945.2580221316518","636.0033019957227","945.2580221316518","636.0033019957227","6","3.389830508474576","images/CA$HPASSION.webp","false","false","0.4","0"
"Bkorn","producer","low","1","Bkorn|producer","1","","Bkorn","","Producer","Bkorn","false","120","328","#7a6a8a","120","328","23","23","247","154","328","2.0943951023931953","436.0000000000001","784.0563324412959","52.8","95.91663046625439","357.2217450907679","838.773665649851","367.2","372.2902093797257","252.41331511206226","633.3547767746377","252.41331511206226","633.3547767746377","6","3.389830508474576","images/Bkorn.webp","false","false","0.4","0"
"Frank Ocean","artist","low","1","Frank Ocean|artist","1","Pop","","Frank Ocean","Pop","Frank Ocean","false","0","293","#d0a8b0","0","293","3","3","247","155","293","0","893","500","4.8","58.023702053557386","898.0770149450796","442.19884154061066","369.59999999999997","373.49698793966195","766.7708363246533","165.8032194176974","766.7708363246533","165.8032194176974","6","3.389830508474576","images/Frank%20Ocean.webp","false","false","0.4","0"
"Drake","artist","low","2","Drake|artist","2","Mainstream Rap","","Drake","Mainstream Rap","Drake","false","24","258","#a85561","24","258","2","2","76","67","258","0.41887902047863906","835.694728071791","604.9380539135565","2.4","49.49747468305833","799.1956013053419","638.3717755922252","158.4","356.79125549822544","688.4198683593055","845.6615785408078","688.4198683593055","845.6615785408078","7.873514378137413","4.448313207987239","images/Drake.webp","false","false","0.4","0"
"Tay Keith","producer","low","4","Tay Keith|producer","4","","Tay Keith","","Producer","Tay Keith","false","120","328","#7a6a8a","120","328","150","150","31","30","328","2.0943951023931953","436.0000000000001","784.0563324412959","357.59999999999997","244.9489742783178","645.8978274866703","657.7911273514691","69.6","373.8207263968533","930.7165204817132","674.2656551485104","930.7165204817132","674.2656551485104","10.917047464637365","6.167823426348794","images/Tay%20Keith.webp","false","false","0.7","0"
"MD Beatz","producer","low","1","MD Beatz|producer","1","","MD Beatz","","Producer","MD Beatz","false","120","328","#7a6a8a","120","328","98","98","247","156","328","2.0943951023931953","436.0000000000001","784.0563324412959","232.79999999999998","197.9898987322333","623.8050849014309","846.7400630670843","372","374.6998799039039","703.0928106080958","860.2386325769673","703.0928106080958","860.2386325769673","6","3.389830508474576","images/MD%20Beatz.webp","false","false","0.4","0"
"Blair Taylor","producer","low","1","Blair Taylor|producer","1","","Blair Taylor","","Producer","Blair Taylor","false","120","328","#7a6a8a","120","328","24","24","247","157","328","2.0943951023931953","436.0000000000001","784.0563324412959","55.199999999999996","97.97958971132712","457.5855292658415","688.484030353748","374.4","375.89892258425004","279.63016085616476","303.37048500554863","279.63016085616476","303.37048500554863","6","3.389830508474576","images/Blair%20Taylor.webp","false","false","0.4","0"
"James Blake","artist","low","2","James Blake|artist","2","Psychedelic","James Blake","James Blake","Psychedelic","James Blake","true","310","258","#5d7a9c","310","258","2","2","76","68","258","5.410520681182422","765.8392032991271","302.36053367530366","2.4","49.49747468305833","729.340076532678","335.7942553539723","160.79999999999998","359.44401511222856","299.09736147774464","303.3846340431529","299.09736147774464","303.3846340431529","7.873514378137413","4.448313207987239","images/James%20Blake.webp","false","false","0.4","0"
"James Blake","producer","low","3","James Blake|producer","3","Psychedelic","James Blake","James Blake","Producer","James Blake","true","120","328","#7a6a8a","120","328","87","87","51","44","328","2.0943951023931953","436.0000000000001","784.0563324412959","206.4","186.54758106177633","545.251508210155","632.8475101001161","103.2","352.9594766497462","285.7223809784674","660.6548173539129","285.7223809784674","660.6548173539129","9.47300783992378","5.351981830465412","images/James%20Blake.webp","false","false","0.4","0"
"Philip Bailey","artist","low","1","Philip Bailey|artist","1","Soul","","Philip Bailey","Soul","Philip Bailey","false","260","253","#9c8a5d","260","253","1","1","247","158","253","4.537856055185257","556.0670110502666","250.84363848791136","0","36.5","592.5670110502666","250.84363848791136","376.8","377.09415269929605","970.2281714596811","428.3682957230464","970.2281714596811","428.3682957230464","6","3.389830508474576","images/Philip%20Bailey.webp","false","false","0.4","0"
"Stevie Wonder","producer","low","1","Stevie Wonder|producer","1","","Stevie Wonder","","Producer","Stevie Wonder","false","120","328","#7a6a8a","120","328","140","140","247","159","328","2.0943951023931953","436.0000000000001","784.0563324412959","333.59999999999997","236.64319132398464","632.4811284529608","915.9470681350936","379.2","378.28560638755476","374.670952297644","803.8532873963179","374.670952297644","803.8532873963179","6","3.389830508474576","images/Stevie%20Wonder.webp","false","false","0.4","0"
"JBeatzz","producer","low","1","JBeatzz|producer","1","","JBeatzz","","Producer","JBeatzz","false","120","328","#7a6a8a","120","328","84","84","247","160","328","2.0943951023931953","436.0000000000001","784.0563324412959","199.2","183.3030277982336","383.3850263837645","608.4668551046319","381.59999999999997","379.47331922020555","560.791798101113","122.55766413416717","560.791798101113","122.55766413416717","6","3.389830508474576","images/JBeatzz.webp","false","false","0.4","0"
"Juice WRLD","artist","low","1","Juice WRLD|artist","1","Trap","","Juice WRLD","Trap","Juice WRLD","false","72","258","#c4a05c","72","258","7","7","247","161","258","1.2566370614359172","679.7263845487364","745.3725812041496","14.399999999999999","72.75816105427624","660.8225515006399","815.6320652336362","384","380.6573262134856","884.7459639967792","752.6256835469127","884.7459639967792","752.6256835469127","6","3.389830508474576","images/Juice%20WRLD.webp","false","false","0.4","0"
"Sheck Wes","artist","high","5","Sheck Wes|artist","5","Cactus Jack","","Sheck Wes","Cactus Jack","Sheck Wes","false","96","231","#8a6a4a","96","231","3","3","25","22","231","1.6755160819145563","575.8539249851721","729.7345578300711","4.8","58.023702053557386","580.9309399302516","671.9333993706817","50.4","356.47159774658064","953.2512867943021","547.8072000662005","953.2512867943021","547.8072000662005","12.255507940800143","6.924015785762792","images/Sheck%20Wes.webp","false","false","1","1"
"Gezin","producer","low","1","Gezin|producer","1","","Gezin","","Producer","Gezin","false","120","328","#7a6a8a","120","328","71","71","247","162","328","2.0943951023931953","436.0000000000001","784.0563324412959","168","168.5229954635272","423.3378408943898","616.0097028208712","386.4","381.8376618407357","218.2105814277562","506.06958534564313","218.2105814277562","506.06958534564313","6","3.389830508474576","images/Gezin.webp","false","false","0.4","0"
"Young Larry David","producer","low","1","Young Larry David|producer","1","","Young Larry David","","Producer","Young Larry David","false","120","328","#7a6a8a","120","328","170","170","247","163","328","2.0943951023931953","436.0000000000001","784.0563324412959","405.59999999999997","260.768096208106","189.68916877498037","698.4352227706086","388.8","383.01436004411113","878.2842825459695","236.83112249379673","878.2842825459695","236.83112249379673","6","3.389830508474576","images/Young%20Larry%20David.webp","false","false","0.4","0"
"Tame Impala","artist","low","1","Tame Impala|artist","1","Psychedelic","Tame Impala","Tame Impala","Psychedelic","Tame Impala","true","310","258","#5d7a9c","310","258","7","7","247","164","258","5.410520681182422","765.8392032991271","302.36053367530366","14.399999999999999","72.75816105427624","746.9353702510306","372.6200177047903","391.2","384.1874542459709","572.471750017763","883.1999418748853","572.471750017763","883.1999418748853","6","3.389830508474576","images/Tame%20Impala.webp","false","false","0.4","0"
"Tame Impala","producer","low","1","Tame Impala|producer","1","Psychedelic","Tame Impala","Tame Impala","Producer","Tame Impala","true","120","328","#7a6a8a","120","328","148","148","247","165","328","2.0943951023931953","436.0000000000001","784.0563324412959","352.8","243.31050121192877","579.1825718715953","980.7763139181034","393.59999999999997","385.3569773599539","360.7355613647289","197.91966564413934","360.7355613647289","197.91966564413934","6","3.389830508474576","images/Tame%20Impala.webp","false","false","0.4","0"
"John Mayer","producer","low","3","John Mayer|producer","3","","John Mayer","","Producer","John Mayer","false","120","328","#7a6a8a","120","328","89","89","51","45","328","2.0943951023931953","436.0000000000001","784.0563324412959","211.2","188.67962264113206","293.3182435541323","660.5981760581632","105.6","356.9478459185352","724.6224000565371","165.51379384191227","724.6224000565371","165.51379384191227","9.47300783992378","5.351981830465412","images/John%20Mayer.webp","false","false","0.4","0"
"Sevn Thomas","producer","low","3","Sevn Thomas|producer","3","","Sevn Thomas","","Producer","Sevn Thomas","false","120","328","#7a6a8a","120","328","135","135","51","46","328","2.0943951023931953","436.0000000000001","784.0563324412959","321.59999999999997","232.379000772445","529.3199457367131","996.8740660249824","108","360.89214074970096","735.5184626101961","834.4815145066627","735.5184626101961","834.4815145066627","9.47300783992378","5.351981830465412","images/Sevn%20Thomas.webp","false","false","0.4","0"
"Wallis Lane","producer","low","3","Wallis Lane|producer","3","","Wallis Lane","","Producer","Wallis Lane","false","120","328","#7a6a8a","120","328","165","165","51","47","328","2.0943951023931953","436.0000000000001","784.0563324412959","393.59999999999997","256.9046515733026","276.4903742431527","582.6694428707222","110.39999999999999","364.79379079683025","270.6166720771899","343.2162856339471","270.6166720771899","343.2162856339471","9.47300783992378","5.351981830465412","images/Wallis%20Lane.webp","false","false","0.4","0"
"Thundercat","producer","low","1","Thundercat|producer","1","","Thundercat","","Producer","Thundercat","false","120","328","#7a6a8a","120","328","157","157","247","166","328","2.0943951023931953","436.0000000000001","784.0563324412959","374.4","250.59928172283335","222.42010723744332","652.9699891116617","396","386.5229618017538","981.627453488718","561.3228076959659","981.627453488718","561.3228076959659","6","3.389830508474576","images/Thundercat.webp","false","false","0.4","0"
"Vegyn","producer","medium","5","Vegyn|producer","5","","Vegyn","","Producer","Vegyn","false","120","328","#7a6a8a","120","328","163","163","25","23","328","2.0943951023931953","436.0000000000001","784.0563324412959","388.8","255.34290669607407","621.5228550306464","608.6104141038271","52.8","364.48319577176665","300.64263134491773","707.9258661925089","300.64263134491773","707.9258661925089","12.255507940800143","6.924015785762792","images/Vegyn.webp","false","false","0.7","0"
"Matthew Tavares","producer","low","1","Matthew Tavares|producer","1","","Matthew Tavares","","Producer","Matthew Tavares","false","120","328","#7a6a8a","120","328","102","102","247","167","328","2.0943951023931953","436.0000000000001","784.0563324412959","242.39999999999998","201.99009876724153","258.4825209220668","687.6844245956198","398.4","387.6854394996026","276.19809294606586","713.1955088369251","276.19809294606586","713.1955088369251","6","3.389830508474576","images/Matthew%20Tavares.webp","false","false","0.4","0"
"River Tiber","producer","low","1","River Tiber|producer","1","","River Tiber","","Producer","River Tiber","false","120","328","#7a6a8a","120","328","130","130","247","168","328","2.0943951023931953","436.0000000000001","784.0563324412959","309.59999999999997","228.0350850198276","401.21873318221395","1009.4232853837137","400.8","388.84444190447164","695.0470752710648","122.95086065286324","695.0470752710648","122.95086065286324","6","3.389830508474576","images/River%20Tiber.webp","false","false","0.4","0"
"Gunna","artist","low","1","Gunna|artist","1","Trap","","Gunna","Trap","Gunna","false","72","258","#c4a05c","72","258","6","6","247","169","258","1.2566370614359172","679.7263845487364","745.3725812041496","12","71.03520254071216","739.6697214220808","707.2570152961277","403.2","390","785.1442717277725","843.2515093140782","785.1442717277725","843.2515093140782","6","3.389830508474576","images/Gunna.webp","false","false","0.4","0"
"Turbo","producer","low","1","Turbo|producer","1","","Turbo","","Producer","Turbo","false","120","328","#7a6a8a","120","328","161","161","247","170","328","2.0943951023931953","436.0000000000001","784.0563324412959","384","253.7715508089904","625.8306426645196","952.4734548059045","405.59999999999997","391.15214431215895","230.53375316247042","371.568335493969","230.53375316247042","371.568335493969","6","3.389830508474576","images/Turbo.webp","false","false","0.4","0"
"June The Genius","producer","low","1","June The Genius|producer","1","","June The Genius","","Producer","June The Genius","false","120","328","#7a6a8a","120","328","91","91","247","171","328","2.0943951023931953","436.0000000000001","784.0563324412959","216","190.78784028338913","299.0171764737307","916.8558281435421","408","392.30090491866065","960.2478499136338","344.6890646715305","960.2478499136338","344.6890646715305","6","3.389830508474576","images/June%20The%20Genius.webp","false","false","0.4","0"
"RamyOnTheBeat","producer","low","1","RamyOnTheBeat|producer","1","","RamyOnTheBeat","","Producer","RamyOnTheBeat","false","120","328","#7a6a8a","120","328","125","125","247","172","328","2.0943951023931953","436.0000000000001","784.0563324412959","297.59999999999997","223.60679774997897","288.64214732410915","952.2397539035506","410.4","393.44631145812","438.7930096877202","858.9043135355948","438.7930096877202","858.9043135355948","6","3.389830508474576","images/RamyOnTheBeat.webp","false","false","0.4","0"
"SheldonFerguson","producer","low","1","SheldonFerguson|producer","1","","SheldonFerguson","","Producer","SheldonFerguson","false","120","328","#7a6a8a","120","328","136","136","247","173","328","2.0943951023931953","436.0000000000001","784.0563324412959","324","233.23807579381202","222.65009342782193","689.81293816009","412.8","394.58839313897715","476.0877254350347","125.37252074609285","476.0877254350347","125.37252074609285","6","3.389830508474576","images/SheldonFerguson.webp","false","false","0.4","0"
"Don Toliver","artist","high","5","Don Toliver|artist","5","Cactus Jack","","Don Toliver","Cactus Jack","Don Toliver","false","96","231","#8a6a4a","96","231","1","1","25","24","231","1.6755160819145563","575.8539249851721","729.7345578300711","0","36.5","612.3539249851721","729.7345578300711","55.199999999999996","372.32244090304306","682.0250112101971","136.82525206731816","682.0250112101971","136.82525206731816","12.255507940800143","6.924015785762792","images/Don%20Toliver.webp","false","false","1","1"
"London Cyr","producer","low","2","London Cyr|producer","2","","London Cyr","","Producer","London Cyr","false","120","328","#7a6a8a","120","328","96","96","76","69","328","2.0943951023931953","436.0000000000001","784.0563324412959","228","195.95917942265424","390.46135566873266","974.6507496535278","163.2","362.0773398046334","957.2886524838444","441.30742119928095","957.2886524838444","441.30742119928095","7.873514378137413","4.448313207987239","images/London%20Cyr.webp","false","false","0.4","0"
"Nineteen85","producer","low","1","Nineteen85|producer","1","","Nineteen85","","Producer","Nineteen85","false","120","328","#7a6a8a","120","328","112","112","247","174","328","2.0943951023931953","436.0000000000001","784.0563324412959","266.4","211.66010488516724","265.6456040036845","909.6723336701621","415.2","395.7271787481876","945.4131980767725","693.1054701306422","945.4131980767725","693.1054701306422","6","3.389830508474576","images/Nineteen85.webp","false","false","0.4","0"
"Tim Suby","producer","low","1","Tim Suby|producer","1","","Tim Suby","","Producer","Tim Suby","false","120","328","#7a6a8a","120","328","158","158","247","175","328","2.0943951023931953","436.0000000000001","784.0563324412959","376.8","251.3961017995307","682.8187809731209","736.3018629233269","417.59999999999997","396.8626966596886","213.75370154821297","591.1800248535449","213.75370154821297","591.1800248535449","6","3.389830508474576","images/Tim%20Suby.webp","false","false","0.4","0"
"Pi'erre Bourne","producer","low","1","Pi'erre Bourne|producer","1","","Pi'erre Bourne","","Producer","Pi'erre Bourne","false","120","328","#7a6a8a","120","328","120","120","247","176","328","2.0943951023931953","436.0000000000001","784.0563324412959","285.59999999999997","219.08902300206645","225.7444456653137","845.6404364894489","420","397.994974842648","823.8637259846539","170.93308858490826","823.8637259846539","170.93308858490826","6","3.389830508474576","images/Pi'erre%20Bourne.webp","false","false","0.4","0"
"SZA","artist","low","2","SZA|artist","2","Pop","","SZA","Pop","SZA","false","0","293","#d0a8b0","0","293","7","7","76","70","293","0","893","500","14.399999999999999","72.75816105427624","874.0961669519035","570.2594840294867","165.6","364.6916505762093","374.5662354912397","786.6698760236393","374.5662354912397","786.6698760236393","7.873514378137413","4.448313207987239","images/SZA.webp","false","false","0.4","0"
"DaHeala","producer","low","1","DaHeala|producer","1","","DaHeala","","Producer","DaHeala","false","120","328","#7a6a8a","120","328","49","49","247","177","328","2.0943951023931953","436.0000000000001","784.0563324412959","115.19999999999999","140","364.99979716703535","904.7168943398627","422.4","399.1240408695021","657.3591388924433","894.9809225589477","657.3591388924433","894.9809225589477","6","3.389830508474576","images/DaHeala.webp","false","false","0.4","0"
"Ricky Reed","producer","low","1","Ricky Reed|producer","1","","Ricky Reed","","Producer","Ricky Reed","false","120","328","#7a6a8a","120","328","129","129","247","178","328","2.0943951023931953","436.0000000000001","784.0563324412959","307.2","227.15633383201094","613.1891127230355","641.9154926646031","424.8","400.24992192379","290.03675164435674","246.7752289588994","290.03675164435674","246.7752289588994","6","3.389830508474576","images/Ricky%20Reed.webp","false","false","0.4","0"
"Nik D","producer","low","3","Nik D|producer","3","","Nik D","","Producer","Nik D","false","120","328","#7a6a8a","120","328","110","110","51","48","328","2.0943951023931953","436.0000000000001","784.0563324412959","261.59999999999997","209.76176963403032","297.2159387539474","626.7700191649911","112.8","368.65415005522607","952.4777910106495","391.99403165938486","952.4777910106495","391.99403165938486","9.47300783992378","5.351981830465412","images/Nik%20D.webp","false","false","0.4","0"
"Lil Baby","artist","low","1","Lil Baby|artist","1","Trap","","Lil Baby","Trap","Lil Baby","false","72","258","#c4a05c","72","258","8","8","247","179","258","1.2566370614359172","679.7263845487364","745.3725812041496","16.8","73.53910524340095","645.8484934257109","680.1016957110261","427.2","401.3726448077896","1000.7298855805293","477.29408000947814","1000.7298855805293","477.29408000947814","6","3.389830508474576","images/Lil%20Baby.webp","false","false","0.4","0"
"ROSALIA","artist","low","2","ROSALIA|artist","2","International","ROSALIA","ROSALIA","International","ROSALIA","true","236","296","#9c5d7a","236","296","2","2","76","71","296","4.118977034706617","434.47890057265886","254.60487852370775","2.4","49.49747468305833","397.9797738062098","288.0386002023764","168","367.2873534441391","572.4034640258055","133.75086184097995","572.4034640258055","133.75086184097995","7.873514378137413","4.448313207987239","images/ROSALIA.webp","false","false","0.4","0"
"ROSALIA","producer","low","1","ROSALIA|producer","1","International","ROSALIA","ROSALIA","Producer","ROSALIA","true","120","328","#7a6a8a","120","328","123","123","247","180","328","2.0943951023931953","436.0000000000001","784.0563324412959","292.8","221.81073012818837","257.0172421947913","653.0404081861047","429.59999999999997","402.49223594996215","319.05983744172","788.2232208926393","319.05983744172","788.2232208926393","6","3.389830508474576","images/ROSALIA.webp","false","false","0.4","0"
"Ugur Tig","producer","low","1","Ugur Tig|producer","1","","Ugur Tig","","Producer","Ugur Tig","false","120","328","#7a6a8a","120","328","162","162","247","181","328","2.0943951023931953","436.0000000000001","784.0563324412959","386.4","254.55844122715712","181.4737209518376","788.1027226717247","432","403.6087214122113","612.513953632974","96.58532381125275","612.513953632974","96.58532381125275","6","3.389830508474576","images/Ugur%20Tig.webp","false","false","0.4","0"
"Luxury Tax","artist","low","1","Luxury Tax|artist","1","Cactus Jack","","Luxury Tax","Cactus Jack","Luxury Tax","false","96","231","#8a6a4a","96","231","2","2","247","182","231","1.6755160819145563","575.8539249851721","729.7345578300711","2.4","49.49747468305833","539.354798218723","763.1682795087398","434.4","404.72212689696124","863.9902965274999","806.7721032612363","863.9902965274999","806.7721032612363","6","3.389830508474576","images/Luxury%20Tax.webp","false","false","0.4","0"
"Jabz","producer","low","1","Jabz|producer","1","","Jabz","","Producer","Jabz","false","120","328","#7a6a8a","120","328","85","85","247","183","328","2.0943951023931953","436.0000000000001","784.0563324412959","201.6","184.39088914585773","594.3363234754536","878.552939090829","436.8","405.8324777540605","197.0194056516517","451.9725018489202","197.0194056516517","451.9725018489202","6","3.389830508474576","images/Jabz.webp","false","false","0.4","0"
"Jenius Level","producer","low","1","Jenius Level|producer","1","","Jenius Level","","Producer","Jenius Level","false","120","328","#7a6a8a","120","328","88","88","247","184","328","2.0943951023931953","436.0000000000001","784.0563324412959","208.79999999999998","187.6166303929372","457.69825428135323","970.4140147652123","439.2","406.9397989875161","930.4954734904084","262.57055363255637","930.4954734904084","262.57055363255637","6","3.389830508474576","images/Jenius%20Level.webp","false","false","0.4","0"
"Early Yellow","producer","low","1","Early Yellow|producer","1","","Early Yellow","","Producer","Early Yellow","false","120","328","#7a6a8a","120","328","58","58","247","185","328","2.0943951023931953","436.0000000000001","784.0563324412959","136.79999999999998","152.31546211727817","457.3630976002525","633.2464585572492","441.59999999999997","408.0441152620633","516.4434292623112","899.3974204806005","516.4434292623112","899.3974204806005","6","3.389830508474576","images/Early%20Yellow.webp","false","false","0.4","0"
"Sarah Schachner","producer","low","1","Sarah Schachner|producer","1","","Sarah Schachner","","Producer","Sarah Schachner","false","120","328","#7a6a8a","120","328","133","133","247","186","328","2.0943951023931953","436.0000000000001","784.0563324412959","316.8","230.65125189341592","233.67943707246633","894.8100674423596","444","409.14545090957563","391.273990600016","148.10022307486787","391.273990600016","148.10022307486787","6","3.389830508474576","images/Sarah%20Schachner.webp","false","false","0.4","0"
"Pop Smoke","artist","low","1","Pop Smoke|artist","1","Drill","","Pop Smoke","Drill","Pop Smoke","false","168","306","#6a4a6a","168","306","2","2","247","187","306","2.9321531433504737","300.6868341754555","563.6209773902343","2.4","49.49747468305833","264.1877074090064","597.054699068903","446.4","410.2438299353203","992.6598902788714","618.8200764441123","992.6598902788714","618.8200764441123","6","3.389830508474576","images/Pop%20Smoke.webp","false","false","0.4","0"
"AXL Beats","producer","low","1","AXL Beats|producer","1","","AXL Beats","","Producer","AXL Beats","false","120","328","#7a6a8a","120","328","10","10","247","188","328","2.0943951023931953","436.0000000000001","784.0563324412959","21.599999999999998","72.73238618387273","368.76096185085606","811.7855904331346","448.8","411.33927602406266","229.20901671885713","678.0843808912035","229.20901671885713","678.0843808912035","6","3.389830508474576","images/AXL%20Beats.webp","false","false","0.4","0"
"808 Melo","producer","low","1","808 Melo|producer","1","","808 Melo","","Producer","808 Melo","false","120","328","#7a6a8a","120","328","5","5","247","189","328","2.0943951023931953","436.0000000000001","784.0563324412959","9.6","68.20007331374359","368.84421604368765","772.1672331813397","451.2","412.43181254602564","753.5362176995511","117.21203015962465","753.5362176995511","117.21203015962465","6","3.389830508474576","images/808%20Melo.webp","false","false","0.4","0"
"Dot Da Genius","producer","low","1","Dot Da Genius|producer","1","","Dot Da Genius","","Producer","Dot Da Genius","false","120","328","#7a6a8a","120","328","55","55","247","190","328","2.0943951023931953","436.0000000000001","784.0563324412959","129.6","148.32396974191326","332.09935062118456","678.2042891985676","453.59999999999997","413.52146256270663","745.72653435088","886.9932521195708","745.72653435088","886.9932521195708","6","3.389830508474576","images/Dot%20Da%20Genius.webp","false","false","0.4","0"
"Plain Pat","producer","low","1","Plain Pat|producer","1","","Plain Pat","","Producer","Plain Pat","false","120","328","#7a6a8a","120","328","121","121","247","191","328","2.0943951023931953","436.0000000000001","784.0563324412959","288","220","549.9150295031791","595.8453708761153","456","414.6082488325576","230.17307261743463","312.57523167209007","230.17307261743463","312.57523167209007","6","3.389830508474576","images/Plain%20Pat.webp","false","false","0.4","0"
"Take a Daytrip","producer","low","1","Take a Daytrip|producer","1","","Take a Daytrip","","Producer","Take a Daytrip","false","120","328","#7a6a8a","120","328","147","147","247","192","328","2.0943951023931953","436.0000000000001","784.0563324412959","350.4","242.4871130596428","463.2028059673365","543.0998895983965","458.4","415.6921938165305","1000.3505227772066","388.1096120660163","1000.3505227772066","388.1096120660163","6","3.389830508474576","images/Take%20a%20Daytrip.webp","false","false","0.4","0"
"El Guincho","producer","low","1","El Guincho|producer","1","","El Guincho","","Producer","El Guincho","false","120","328","#7a6a8a","120","328","60","60","247","193","328","2.0943951023931953","436.0000000000001","784.0563324412959","141.6","154.91933384829667","285.1015004256416","748.9900690788088","460.79999999999995","416.7733196834941","379.7906463458539","853.8471994565213","379.7906463458539","853.8471994565213","6","3.389830508474576","images/El%20Guincho.webp","false","false","0.4","0"
"DJ Nelson","producer","low","1","DJ Nelson|producer","1","","DJ Nelson","","Producer","DJ Nelson","false","120","328","#7a6a8a","120","328","45","45","247","194","328","2.0943951023931953","436.0000000000001","784.0563324412959","105.6","134.1640786499874","482.8411552945788","658.3347902511479","463.2","417.85164831552356","523.1719725060309","89.27204357216453","523.1719725060309","89.27204357216453","6","3.389830508474576","images/DJ%20Nelson.webp","false","false","0.4","0"
"Alejandro Armes","producer","low","1","Alejandro Armes|producer","1","","Alejandro Armes","","Producer","Alejandro Armes","false","120","328","#7a6a8a","120","328","12","12","247","195","328","2.0943951023931953","436.0000000000001","784.0563324412959","26.4","69.28203230275508","456.7082544039693","850.1711431839766","465.59999999999997","418.9272013130682","934.9440512397064","751.6197181047879","934.9440512397064","751.6197181047879","6","3.389830508474576","images/Alejandro%20Armes.webp","false","false","0.4","0"
"Ludwig Goransson","producer","low","1","Ludwig Goransson|producer","1","","Ludwig Goransson","","Producer","Ludwig Goransson","false","120","328","#7a6a8a","120","328","97","97","247","196","328","2.0943951023931953","436.0000000000001","784.0563324412959","230.39999999999998","196.97715603592206","340.3460599820969","611.863638754684","468","420","181.9867825947261","540.8037997555522","181.9867825947261","540.8037997555522","6","3.389830508474576","images/Ludwig%20Goransson.webp","false","false","0.4","0"
"M.I.A.","artist","low","1","M.I.A.|artist","1","Alternative","","M.I.A.","Alternative","M.I.A.","false","286","291","#5d8a9c","286","291","1","1","247","197","291","4.991641660703783","680.2104705427469","220.27284648194922","0","36.5","716.7104705427469","220.27284648194922","470.4","421.07006542854594","881.3939616888306","186.76296782617658","881.3939616888306","186.76296782617658","6","3.389830508474576","images/M.I.A..webp","false","false","0.4","0"
"CHASE B","producer","low","1","CHASE B|producer","1","","CHASE B","","Producer","CHASE B","false","120","328","#7a6a8a","120","328","35","35","247","198","328","2.0943951023931953","436.0000000000001","784.0563324412959","81.6","118.32159566199232","553.9297284532604","774.4345266367553","472.79999999999995","422.1374183841086","604.0922902252887","922.1175821506515","604.0922902252887","922.1175821506515","6","3.389830508474576","images/CHASE%20B.webp","false","false","0.4","0"
"Teddy Walton","producer","low","1","Teddy Walton|producer","1","","Teddy Walton","","Producer","Teddy Walton","false","120","328","#7a6a8a","120","328","151","151","247","199","328","2.0943951023931953","436.0000000000001","784.0563324412959","360","245.76411454889015","366.27891009540554","1019.7234061332214","475.2","423.2020793899766","311.1307701046371","190.71927311961383","311.1307701046371","190.71927311961383","6","3.389830508474576","images/Teddy%20Walton.webp","false","false","0.4","0"
"Jahaan Sweet","producer","high","13","Jahaan Sweet|producer","13","","Jahaan Sweet","","Producer","Jahaan Sweet","false","120","328","#7a6a8a","120","328","86","86","5","5","328","2.0943951023931953","436.0000000000001","784.0563324412959","204","185.47236990991408","254.35565190162512","821.5440744900827","9.6","380","225.81861479823175","433.75582313526775","225.81861479823175","433.75582313526775","21.06681515926432","11.90215545721148","images/Jahaan%20Sweet.webp","false","false","1","1"
"FNZ","producer","low","2","FNZ|producer","2","","FNZ","","Producer","FNZ","false","120","328","#7a6a8a","120","328","67","67","76","72","328","2.0943951023931953","436.0000000000001","784.0563324412959","158.4","163.70705543744901","476.5698179767772","942.6567418648884","170.4","369.86484017813854","869.6162013697958","753.1938071101299","869.6162013697958","753.1938071101299","7.873514378137413","4.448313207987239","images/FNZ.webp","false","false","0.4","0"
"BoogzDaBeast","producer","low","2","BoogzDaBeast|producer","2","","BoogzDaBeast","","Producer","BoogzDaBeast","false","120","328","#7a6a8a","120","328","27","27","76","73","328","2.0943951023931953","436.0000000000001","784.0563324412959","62.4","103.92304845413264","530.3820498320646","740.558876544454","172.79999999999998","372.4244889907214","227.60416135468756","495.38054552416105","227.60416135468756","495.38054552416105","7.873514378137413","4.448313207987239","images/BoogzDaBeast.webp","false","false","0.4","0"
"Teezo Touchdown","artist","low","1","Teezo Touchdown|artist","1","Psychedelic","","Teezo Touchdown","Psychedelic","Teezo Touchdown","false","310","258","#5d7a9c","310","258","8","8","247","200","258","5.410520681182422","765.8392032991271","302.36053367530366","16.8","73.53910524340095","731.9613121761016","237.0896481821802","477.59999999999997","424.26406871192853","1022.9768654811552","533.0237985055738","1022.9768654811552","533.0237985055738","6","3.389830508474576","images/Teezo%20Touchdown.webp","false","false","0.4","0"
"Guy-Manuel de Homem-Christo","producer","low","1","Guy-Manuel de Homem-Christo|producer","1","","Guy-Manuel de Homem-Christo","","Producer","Guy-Manuel de Homem-Christo","false","120","328","#7a6a8a","120","328","75","75","247","201","328","2.0943951023931953","436.0000000000001","784.0563324412959","177.6","173.20508075688775","418.7057474738501","956.3958485992617","480","425.3234063627348","264.9586822899256","762.0063270745518","264.9586822899256","762.0063270745518","6","3.389830508474576","images/Guy-Manuel%20de%20Homem-Christo.webp","false","false","0.4","0"
"Buddy Ross","producer","medium","5","Buddy Ross|producer","5","","Buddy Ross","","Producer","Buddy Ross","false","120","328","#7a6a8a","120","328","30","30","25","25","328","2.0943951023931953","436.0000000000001","784.0563324412959","69.6","109.54451150103323","532.9132451019594","835.123180041354","57.599999999999994","380","788.637698009778","829.8724282045589","788.637698009778","829.8724282045589","12.255507940800143","6.924015785762792","images/Buddy%20Ross.webp","false","false","0.7","0"
"Dez Wright","producer","low","2","Dez Wright|producer","2","","Dez Wright","","Producer","Dez Wright","false","120","328","#7a6a8a","120","328","52","52","76","74","328","2.0943951023931953","436.0000000000001","784.0563324412959","122.39999999999999","144.22205101855957","292.8519117338602","801.6240535726614","175.2","374.96666518505344","879.6183620907154","250.1729166369156","879.6183620907154","250.1729166369156","7.873514378137413","4.448313207987239","images/Dez%20Wright.webp","false","false","0.4","0"
"BNYX","producer","low","4","BNYX|producer","4","","BNYX","","Producer","BNYX","false","120","328","#7a6a8a","120","328","18","18","31","31","328","2.0943951023931953","436.0000000000001","784.0563324412959","40.8","84.85281374238569","351.21747100136116","787.5092698277749","72","380.00000000000006","232.44477645592463","596.4528778495738","232.44477645592463","596.4528778495738","10.917047464637365","6.167823426348794","images/BNYX.webp","false","false","0.7","0"
"Psymun","producer","low","1","Psymun|producer","1","","Psymun","","Producer","Psymun","false","120","328","#7a6a8a","120","328","122","122","247","202","328","2.0943951023931953","436.0000000000001","784.0563324412959","290.4","220.90722034374522","479.3072015874538","1000.676936933721","482.4","426.38011210655685","670.2558514961988","79.44784469635152","670.2558514961988","79.44784469635152","6","3.389830508474576","images/Psymun.webp","false","false","0.4","0"
"E.Vax","producer","low","1","E.Vax|producer","1","","E.Vax","","Producer","E.Vax","false","120","328","#7a6a8a","120","328","57","57","247","203","328","2.0943951023931953","436.0000000000001","784.0563324412959","134.4","150.996688705415","319.3988390983567","879.9946943013416","484.79999999999995","427.4342054632502","832.8354674176528","858.4517333092464","832.8354674176528","858.4517333092464","6","3.389830508474576","images/E.Vax.webp","false","false","0.4","0"
"Coleman","producer","low","3","Coleman|producer","3","","Coleman","","Producer","Coleman","false","120","328","#7a6a8a","120","328","41","41","51","49","328","2.0943951023931953","436.0000000000001","784.0563324412959","96","128.06248474865697","412.89362833946734","910.0170230899477","115.19999999999999","372.4745023514506","411.1016770209957","821.0213053329646","411.1016770209957","821.0213053329646","9.47300783992378","5.351981830465412","images/Coleman.webp","false","false","0.4","0"
"Playboi Carti","artist","low","2","Playboi Carti|artist","2","Trap","","Playboi Carti","Trap","Playboi Carti","false","72","258","#c4a05c","72","258","13","13","76","75","258","1.2566370614359172","679.7263845487364","745.3725812041496","28.799999999999997","72.11102550927978","617.3510770434207","709.1880401179715","177.6","377.4917217635375","562.3080504672196","875.605267455634","562.3080504672196","875.605267455634","7.873514378137413","4.448313207987239","images/Playboi%20Carti.webp","false","false","0.4","0"
"Beyonce","artist","low","1","Beyonce|artist","1","Pop","Beyonce","Beyonce","Pop","Beyonce","true","0","293","#d0a8b0","0","293","1","1","247","204","293","0","893","500","0","36.5","929.5","500","487.2","428.485705712571","185.16965159645866","392.6883881241339","185.16965159645866","392.6883881241339","6","3.389830508474576","images/Beyonce.webp","false","false","0.4","0"
"Beyonce","producer","low","1","Beyonce|producer","1","Pop","Beyonce","Beyonce","Producer","Beyonce","true","120","328","#7a6a8a","120","328","22","22","247","205","328","2.0943951023931953","436.0000000000001","784.0563324412959","50.4","93.8083151964686","528.960864945869","796.6371745639802","489.59999999999997","429.5346318982906","979.3045987352752","298.4360613148475","979.3045987352752","298.4360613148475","6","3.389830508474576","images/Beyonce.webp","false","false","0.4","0"
"206DEREK","producer","low","1","206DEREK|producer","1","","206DEREK","","Producer","206DEREK","false","120","328","#7a6a8a","120","328","3","3","247","206","328","2.0943951023931953","436.0000000000001","784.0563324412959","4.8","58.023702053557386","441.0770149450797","726.2551739819065","492","430.5810028322197","456.10250105308336","905.8244815148812","456.10250105308336","905.8244815148812","6","3.389830508474576","images/206DEREK.webp","false","false","0.4","0"
"Rob49","artist","low","1","Rob49|artist","1","Southern Hip-Hop","","Rob49","Southern Hip-Hop","Rob49","false","144","263","#9c7a5d","144","263","5","5","247","207","263","2.5132741228718345","387.22853047938884","654.5875213529205","9.6","68.20007331374359","320.0727465230764","642.6984220929643","494.4","431.6248370981448","431.58231787859756","102.589023366422","431.58231787859756","102.589023366422","6","3.389830508474576","images/Rob49.webp","false","false","0.4","0"
"Hoops","producer","low","1","Hoops|producer","1","","Hoops","","Producer","Hoops","false","120","328","#7a6a8a","120","328","78","78","247","208","328","2.0943951023931953","436.0000000000001","784.0563324412959","184.79999999999998","176.63521732655695","285.78154214569304","876.9778849459425","496.79999999999995","432.6661530556787","993.5738535095405","679.7209554661079","993.5738535095405","679.7209554661079","6","3.389830508474576","images/Hoops.webp","false","false","0.4","0"
"Cadenza","producer","low","1","Cadenza|producer","1","","Cadenza","","Producer","Cadenza","false","120","328","#7a6a8a","120","328","36","36","247","209","328","2.0943951023931953","436.0000000000001","784.0563324412959","84","120","354.39718052951946","872.039170850091","499.2","433.7049688440288","187.39795584150392","633.6396391652958","187.39795584150392","633.6396391652958","6","3.389830508474576","images/Cadenza.webp","false","false","0.4","0"
"Dave Chappelle","artist","low","1","Dave Chappelle|artist","1","Cultural Figures","","Dave Chappelle","Cultural Figures","Dave Chappelle","false","213","228","#8b7d9a","213","228","1","1","247","210","228","3.717551306747922","408.7831105084433","375.8223000165738","0","36.5","445.2831105084433","375.8223000165738","501.59999999999997","434.7413023856831","814.492805243662","121.85606378165409","814.492805243662","121.85606378165409","6","3.389830508474576","images/Dave%20Chappelle.webp","false","false","0.4","0"
"Nik Dean","producer","low","1","Nik Dean|producer","1","","Nik Dean","","Producer","Nik Dean","false","120","328","#7a6a8a","120","328","111","111","247","211","328","2.0943951023931953","436.0000000000001","784.0563324412959","264","210.71307505705477","645.5255521211883","806.3956029824585","504","435.7751713900185","697.4879477066831","924.7306205725447","697.4879477066831","924.7306205725447","6","3.389830508474576","images/Nik%20Dean.webp","false","false","0.4","0"
"Nami","producer","low","1","Nami|producer","1","","Nami","","Producer","Nami","false","120","328","#7a6a8a","120","328","109","109","247","212","328","2.0943951023931953","436.0000000000001","784.0563324412959","259.2","208.80613017821102","432.11516083452017","992.8263207649493","506.4","436.80659335683106","240.3739268979961","252.07039800533667","240.3739268979961","252.07039800533667","6","3.389830508474576","images/Nami.webp","false","false","0.4","0"
"Slim Pharaoh","producer","low","1","Slim Pharaoh|producer","1","","Slim Pharaoh","","Producer","Slim Pharaoh","false","120","328","#7a6a8a","120","328","137","137","247","213","328","2.0943951023931953","436.0000000000001","784.0563324412959","326.4","234.0939982143925","657.7917646905804","709.1669933105607","508.79999999999995","437.83558557979273","1033.6725320661747","439.7659985447362","1033.6725320661747","439.7659985447362","6","3.389830508474576","images/Slim%20Pharaoh.webp","false","false","0.4","0"
"Travis Sayles","producer","low","1","Travis Sayles|producer","1","","Travis Sayles","","Producer","Travis Sayles","false","120","328","#7a6a8a","120","328","160","160","247","214","328","2.0943951023931953","436.0000000000001","784.0563324412959","381.59999999999997","252.98221281347037","409.8611987340755","532.4281085307407","511.2","438.8621651498338","320.24404967178657","838.1369667101753","320.24404967178657","838.1369667101753","6","3.389830508474576","images/Travis%20Sayles.webp","false","false","0.4","0"
"Westside Gunn","artist","low","1","Westside Gunn|artist","1","Alternative","","Westside Gunn","Alternative","Westside Gunn","false","286","291","#5d8a9c","286","291","3","3","247","215","291","4.991641660703783","680.2104705427469","220.27284648194922","4.8","58.023702053557386","685.2874854878264","162.47168802255987","513.6","439.8863489584554","577.8396128120787","60.672198421632515","577.8396128120787","60.672198421632515","6","3.389830508474576","images/Westside%20Gunn.webp","false","false","0.4","0"
"The Alchemist","producer","low","1","The Alchemist|producer","1","","The Alchemist","","Producer","The Alchemist","false","120","328","#7a6a8a","120","328","153","153","247","216","328","2.0943951023931953","436.0000000000001","784.0563324412959","364.8","247.3863375370596","666.1720147544347","874.7252004384444","516","440.9081537009721","913.8179575902777","809.7067798642236","913.8179575902777","809.7067798642236","6","3.389830508474576","images/The%20Alchemist.webp","false","false","0.4","0"
"Dom Maker","producer","low","1","Dom Maker|producer","1","","Dom Maker","","Producer","Dom Maker","false","120","328","#7a6a8a","120","328","54","54","247","217","328","2.0943951023931953","436.0000000000001","784.0563324412959","127.19999999999999","146.9693845669907","441.06980083327477","930.938248004482","518.4","441.92759587968703","158.37834725700145","483.55871572709714","158.37834725700145","483.55871572709714","6","3.389830508474576","images/Dom%20Maker.webp","false","false","0.4","0"
"Elliot Baker","producer","low","1","Elliot Baker|producer","1","","Elliot Baker","","Producer","Elliot Baker","false","120","328","#7a6a8a","120","328","61","61","247","218","328","2.0943951023931953","436.0000000000001","784.0563324412959","144","156.20499351813308","572.0775741315958","707.3563075491221","520.8","442.944691807002","937.5295537286953","213.16590098158173","937.5295537286953","213.16590098158173","6","3.389830508474576","images/Elliot%20Baker.webp","false","false","0.4","0"
"Bad Bunny","artist","low","1","Bad Bunny|artist","1","International","","Bad Bunny","International","Bad Bunny","false","236","296","#9c5d7a","236","296","1","1","247","219","296","4.118977034706617","434.47890057265886","254.60487852370775","0","36.5","470.97890057265886","254.60487852370775","523.1999999999999","443.9594576084623","544.7273634643935","940.5053185268059","544.7273634643935","940.5053185268059","6","3.389830508474576","images/Bad%20Bunny.webp","false","false","0.4","0"
"DVLP","producer","low","1","DVLP|producer","1","","DVLP","","Producer","DVLP","false","120","328","#7a6a8a","120","328","47","47","247","220","328","2.0943951023931953","436.0000000000001","784.0563324412959","110.39999999999999","137.11309200802089","312.1964493728418","725.1268758672816","525.6","444.97190922573975","342.6269663901439","137.01360690728387","342.6269663901439","137.01360690728387","6","3.389830508474576","images/DVLP.webp","false","false","0.4","0"
"Hudson Mohawke","producer","low","1","Hudson Mohawke|producer","1","","Hudson Mohawke","","Producer","Hudson Mohawke","false","120","328","#7a6a8a","120","328","79","79","247","221","328","2.0943951023931953","436.0000000000001","784.0563324412959","187.2","177.76388834631177","484.3118040981289","612.9833375391664","528","445.9820624195552","1035.9566466500637","594.030857922448","1035.9566466500637","594.030857922448","6","3.389830508474576","images/Hudson%20Mohawke.webp","false","false","0.4","0"
"Nabeyin","producer","low","1","Nabeyin|producer","1","","Nabeyin","","Producer","Nabeyin","false","120","328","#7a6a8a","120","328","108","108","247","222","328","2.0943951023931953","436.0000000000001","784.0563324412959","256.8","207.84609690826528","579.2195705173361","633.4304561091403","530.4","446.9899327725402","214.14390001433907","725.6436795123135","214.14390001433907","725.6436795123135","6","3.389830508474576","images/Nabeyin.webp","false","false","0.4","0"
"Bun B","artist","low","2","Bun B|artist","2","Houston Legends","","Bun B","Houston Legends","Bun B","false","336","278","#7a5d4a","336","278","1","1","76","76","278","5.8643062867009474","853.965637224643","386.9272132249275","0","36.5","890.465637224643","386.9272132249275","180","380","372.5851737580139","195.56199842114444","372.5851737580139","195.56199842114444","7.873514378137413","4.448313207987239","images/Bun%20B.webp","false","false","0.4","0"
"Waka Flocka Flame","artist","low","1","Waka Flocka Flame|artist","1","Trap","","Waka Flocka Flame","Trap","Waka Flocka Flame","false","72","258","#c4a05c","72","258","19","19","247","223","258","1.2566370614359172","679.7263845487364","745.3725812041496","43.199999999999996","87.17797887081348","741.5613871668148","683.9198965498382","532.8","447.9955356920424","732.4110852193364","72.01950452031389","732.4110852193364","72.01950452031389","6","3.389830508474576","images/Waka%20Flocka%20Flame.webp","false","false","0.4","0"
"BBYKOBE","producer","low","3","BBYKOBE|producer","3","","BBYKOBE","","Producer","BBYKOBE","false","120","328","#7a6a8a","120","328","17","17","51","50","328","2.0943951023931953","436.0000000000001","784.0563324412959","38.4","82.46211251235322","499.0232955826007","837.2358793922446","117.6","376.25606633113625","521.6670787950036","131.98834134436413","521.6670787950036","131.98834134436413","9.47300783992378","5.351981830465412","images/BBYKOBE.webp","false","false","0.4","0"
"Kesh","producer","low","1","Kesh|producer","1","","Kesh","","Producer","Kesh","false","120","328","#7a6a8a","120","328","93","93","247","224","328","2.0943951023931953","436.0000000000001","784.0563324412959","220.79999999999998","192.8730152198591","557.6191400238524","933.7519729251076","535.1999999999999","448.99888641287293","791.8747354763241","905.936061327262","791.8747354763241","905.936061327262","6","3.389830508474576","images/Kesh.webp","false","false","0.4","0"
"Mcevoy","producer","low","1","Mcevoy|producer","1","","Mcevoy","","Producer","Mcevoy","false","120","328","#7a6a8a","120","328","103","103","247","225","328","2.0943951023931953","436.0000000000001","784.0563324412959","244.79999999999998","202.9778313018444","632.9543699733322","734.9750106537989","537.6","450","183.39108425729734","329.89117799570283","183.39108425729734","329.89117799570283","6","3.389830508474576","images/Mcevoy.webp","false","false","0.4","0"
"Johnny Juliano","producer","low","1","Johnny Juliano|producer","1","","Johnny Juliano","","Producer","Johnny Juliano","false","120","328","#7a6a8a","120","328","90","90","247","226","328","2.0943951023931953","436.0000000000001","784.0563324412959","213.6","189.73665961010278","625.6606831998698","778.6874174523367","540","450","1022.1070422579498","344.03319303055105","1022.1070422579498","344.03319303055105","6","3.389830508474576","images/Johnny%20Juliano.webp","false","false","0.4","0"
"Sean Momberger","producer","low","1","Sean Momberger|producer","1","","Sean Momberger","","Producer","Sean Momberger","false","120","328","#7a6a8a","120","328","134","134","247","227","328","2.0943951023931953","436.0000000000001","784.0563324412959","319.2","231.51673805580452","510.65894134888777","564.9078839488109","542.4","450","394.09075524928534","900.1267085889048","394.09075524928534","900.1267085889048","6","3.389830508474576","images/Sean%20Momberger.webp","false","false","0.4","0"
"Dilip","producer","low","3","Dilip|producer","3","","Dilip","","Producer","Dilip","false","120","328","#7a6a8a","120","328","53","53","51","51","328","2.0943951023931953","436.0000000000001","784.0563324412959","124.8","145.60219778561037","530.5867287944532","673.3614782882478","120","380","909.3887688000934","720.6322500006794","909.3887688000934","720.6322500006794","9.47300783992378","5.351981830465412","images/Dilip.webp","false","false","0.4","0"
"Otxhello","producer","low","1","Otxhello|producer","1","","Otxhello","","Producer","Otxhello","false","120","328","#7a6a8a","120","328","117","117","247","228","328","2.0943951023931953","436.0000000000001","784.0563324412959","278.4","216.33307652783938","357.9622331974325","985.823790056413","544.8","450","481.56532384408615","65.86496630213799","481.56532384408615","65.86496630213799","6","3.389830508474576","images/Otxhello.webp","false","false","0.4","0"
"SoFaygo","artist","low","1","SoFaygo|artist","1","Cactus Jack","","SoFaygo","Cactus Jack","SoFaygo","false","96","231","#8a6a4a","96","231","4","4","247","229","231","1.6755160819145563","575.8539249851721","729.7345578300711","7.199999999999999","64","614.7884091152364","780.529301116417","547.1999999999999","450","980.5752165497779","740.1301825012625","980.5752165497779","740.1301825012625","6","3.389830508474576","images/SoFaygo.webp","false","false","0.4","0"
"Blake$ale","producer","low","1","Blake$ale|producer","1","","Blake$ale","","Producer","Blake$ale","false","120","328","#7a6a8a","120","328","25","25","247","230","328","2.0943951023931953","436.0000000000001","784.0563324412959","57.599999999999994","100","485.6414994762575","870.8648661793377","549.6","450","157.1671302068068","579.9940587214123","157.1671302068068","579.9940587214123","6","3.389830508474576","images/Blake$ale.webp","false","false","0.4","0"
"prodluke","producer","low","1","prodluke|producer","1","","prodluke","","Producer","prodluke","false","120","328","#7a6a8a","120","328","175","175","247","231","328","2.0943951023931953","436.0000000000001","784.0563324412959","417.59999999999997","264.575131106459","178.5024676988088","844.8430156769925","552","450","872.5091338914265","141.89558513508297","872.5091338914265","141.89558513508297","6","3.389830508474576","images/prodluke.webp","false","false","0.4","0"
"AM","producer","low","1","AM|producer","1","","AM","","Producer","AM","false","120","328","#7a6a8a","120","328","8","8","247","232","328","2.0943951023931953","436.0000000000001","784.0563324412959","16.8","73.53910524340095","402.1221088769746","718.7854469481724","554.4","450","640.9398242749502","948.1338313365062","640.9398242749502","948.1338313365062","6","3.389830508474576","images/AM.webp","false","false","0.4","0"
"F1LTHY","producer","low","1","F1LTHY|producer","1","","F1LTHY","","Producer","F1LTHY","false","120","328","#7a6a8a","120","328","64","64","247","233","328","2.0943951023931953","436.0000000000001","784.0563324412959","151.2","160","583.1474761764149","846.8864228034103","556.8","450","267.11332783715244","197.20227296701046","267.11332783715244","197.20227296701046","6","3.389830508474576","images/F1LTHY.webp","false","false","0.4","0"
"Glasear","producer","low","1","Glasear|producer","1","","Glasear","","Producer","Glasear","false","120","328","#7a6a8a","120","328","73","73","247","234","328","2.0943951023931953","436.0000000000001","784.0563324412959","172.79999999999998","170.88007490635061","265.1330707736847","781.9367813639834","559.1999999999999","450","1049.997255805685","498.42845065208445","1049.997255805685","498.42845065208445","6","3.389830508474576","images/Glasear.webp","false","false","0.4","0"
"SahBabii","artist","low","1","SahBabii|artist","1","Trap","","SahBabii","Trap","SahBabii","false","72","258","#c4a05c","72","258","16","16","247","235","258","1.2566370614359172","679.7263845487364","745.3725812041496","36","80","669.4892893785441","666.0302729287004","561.6","450","269.23637527899007","805.1154282585836","269.23637527899007","805.1154282585836","6","3.389830508474576","images/SahBabii.webp","false","false","0.4","0"
"Ace G","producer","low","1","Ace G|producer","1","","Ace G","","Producer","Ace G","false","120","328","#7a6a8a","120","328","11","11","247","236","328","2.0943951023931953","436.0000000000001","784.0563324412959","24","71.3074329926411","466.247116142568","719.4818640729229","564","450","637.8087805921361","51.59115072276313","637.8087805921361","51.59115072276313","6","3.389830508474576","images/Ace%20G.webp","false","false","0.4","0"
"Berg","producer","low","1","Berg|producer","1","","Berg","","Producer","Berg","false","120","328","#7a6a8a","120","328","21","21","247","237","328","2.0943951023931953","436.0000000000001","784.0563324412959","48","91.6515138991168","377.32980217369783","713.6446296709286","566.4","450","875.0037103191733","856.1923066416346","875.0037103191733","856.1923066416346","6","3.389830508474576","images/Berg.webp","false","false","0.4","0"
"Tyla","artist","low","1","Tyla|artist","1","International","","Tyla","International","Tyla","false","236","296","#9c5d7a","236","296","3","3","247","238","296","4.118977034706617","434.47890057265886","254.60487852370775","4.8","58.023702053557386","439.55591551773847","196.80372006431838","568.8","450","156.61920392810538","423.1009123938845","156.61920392810538","423.1009123938845","6","3.389830508474576","images/Tyla.webp","false","false","0.4","0"
"Vybz Kartel","artist","low","1","Vybz Kartel|artist","1","Dancehall","","Vybz Kartel","Dancehall","Vybz Kartel","false","192","258","#8a9c5d","192","258","2","2","247","239","258","3.3510321638291125","347.63791901067816","446.35878376901815","2.4","49.49747468305833","311.1387922442291","479.7925054476868","571.1999999999999","450","978.8887149109925","257.21750122157346","978.8887149109925","257.21750122157346","6","3.389830508474576","images/Vybz%20Kartel.webp","false","false","0.4","0"
"GloRilla","artist","low","1","GloRilla|artist","1","Southern Hip-Hop","","GloRilla","Southern Hip-Hop","GloRilla","false","144","263","#9c7a5d","144","263","2","2","247","240","263","2.5132741228718345","387.22853047938884","654.5875213529205","2.4","49.49747468305833","350.72940371293976","688.0212430315892","573.6","450","484.6004815421279","934.9516652913186","484.6004815421279","934.9516652913186","6","3.389830508474576","images/GloRilla.webp","false","false","0.4","0"
"AJ Williams","producer","low","1","AJ Williams|producer","1","","AJ Williams","","Producer","AJ Williams","false","120","328","#7a6a8a","120","328","7","7","247","241","328","2.0943951023931953","436.0000000000001","784.0563324412959","14.399999999999999","72.75816105427624","417.0961669519035","854.3158164707826","576","450","391.30104446361804","101.3212496783616","391.30104446361804","101.3212496783616","6","3.389830508474576","images/AJ%20Williams.webp","false","false","0.4","0"
"ARPXX","producer","low","1","ARPXX|producer","1","","ARPXX","","Producer","ARPXX","false","120","328","#7a6a8a","120","328","9","9","247","242","328","2.0943951023931953","436.0000000000001","784.0563324412959","19.2","73.5","505.0326954822201","809.2899797095582","578.4","450","1023.1861149629653","653.014744722696","1023.1861149629653","653.014744722696","6","3.389830508474576","images/ARPXX.webp","false","false","0.4","0"
"YoungBoy Never Broke Again","artist","low","1","YoungBoy Never Broke Again|artist","1","Southern Hip-Hop","","YoungBoy Never Broke Again","Southern Hip-Hop","YoungBoy Never Broke Again","false","144","263","#9c7a5d","144","263","7","7","247","243","263","2.5132741228718345","387.22853047938884","654.5875213529205","14.399999999999999","72.75816105427624","368.32469743129224","724.8470053824071","580.8","450","184.58939218038353","673.0145280343149","184.58939218038353","673.0145280343149","6","3.389830508474576","images/YoungBoy%20Never%20Broke%20Again.webp","false","false","0.4","0"
"Kodak Black","artist","low","1","Kodak Black|artist","1","Southern Hip-Hop","","Kodak Black","Southern Hip-Hop","Kodak Black","false","144","263","#9c7a5d","144","263","4","4","247","244","263","2.5132741228718345","387.22853047938884","654.5875213529205","7.199999999999999","64","426.16301460945317","705.3822646392663","583.1999999999999","450","789.4562281877302","91.8256039376322","789.4562281877302","91.8256039376322","6","3.389830508474576","images/Kodak%20Black.webp","false","false","0.4","0"
"CAMEone","producer","low","1","CAMEone|producer","1","","CAMEone","","Producer","CAMEone","false","120","328","#7a6a8a","120","328","34","34","247","245","328","2.0943951023931953","436.0000000000001","784.0563324412959","79.2","116.61903789690601","343.88499948025765","712.5383159751785","585.6","450","736.0029437480127","928.9559409681546","736.0029437480127","928.9559409681546","6","3.389830508474576","images/CAMEone.webp","false","false","0.4","0"
"LVUSM","producer","low","1","LVUSM|producer","1","","LVUSM","","Producer","LVUSM","false","120","328","#7a6a8a","120","328","94","94","247","246","328","2.0943951023931953","436.0000000000001","784.0563324412959","223.2","193.9071942966532","244.18187975195193","755.6695618517178","588","450","209.9683397824394","275.55556583436214","209.9683397824394","275.55556583436214","6","3.389830508474576","images/LVUSM.webp","false","false","0.4","0"
"DJ Moon","producer","low","1","DJ Moon|producer","1","","DJ Moon","","Producer","DJ Moon","false","120","328","#7a6a8a","120","328","43","43","247","247","328","2.0943951023931953","436.0000000000001","784.0563324412959","100.8","131.14877048604","562.4310634111863","818.9158534465624","590.4","450","1039.2108464650705","402.0518895157429","1039.2108464650705","402.0518895157429","6","3.389830508474576","images/DJ%20Moon.webp","false","false","0.4","0"