country,year,interest,country_year
Barbados,2013,,Barbados_2013
Jamaica,2013,,Jamaica_2013
Bahamas,2013,,Bahamas_2013
St. Helena,2013,,St. Helena_2013
Angola,2013,,Angola_2013
Mozambique,2013,,Mozambique_2013
Trinidad & Tobago,2013,,Trinidad & Tobago_2013
United States,2013,42,United States_2013
Ghana,2013,,Ghana_2013
Zimbabwe,2013,,Zimbabwe_2013
South Africa,2013,22,South Africa_2013
Tanzania,2013,,Tanzania_2013
Canada,2013,20,Canada_2013
Kenya,2013,16,Kenya_2013
Nigeria,2013,13,Nigeria_2013
New Zealand,2013,12,New Zealand_2013
Puerto Rico,2013,,Puerto Rico_2013
United Kingdom,2013,10,United Kingdom_2013
Norway,2013,8,Norway_2013
South Korea,2013,7,South Korea_2013
Australia,2013,6,Australia_2013
Denmark,2013,6,Denmark_2013
Netherlands,2013,6,Netherlands_2013
France,2013,5,France_2013
Ireland,2013,5,Ireland_2013
Sweden,2013,5,Sweden_2013
Bulgaria,2013,4,Bulgaria_2013
Switzerland,2013,4,Switzerland_2013
Belgium,2013,3,Belgium_2013
Germany,2013,3,Germany_2013
Slovakia,2013,,Slovakia_2013
Finland,2013,2,Finland_2013
Portugal,2013,2,Portugal_2013
Russia,2013,2,Russia_2013
Austria,2013,2,Austria_2013
Singapore,2013,,Singapore_2013
Serbia,2013,,Serbia_2013
Czech Republic,2013,,Czech Republic_2013
United Arab Emirates,2013,,United Arab Emirates_2013
Chile,2013,2,Chile_2013
Hungary,2013,,Hungary_2013
Morocco,2013,,Morocco_2013
Ukraine,2013,1,Ukraine_2013
Romania,2013,,Romania_2013
Poland,2013,1,Poland_2013
Greece,2013,,Greece_2013
Mexico,2013,1,Mexico_2013
Japan,2013,,Japan_2013
Malaysia,2013,,Malaysia_2013
Philippines,2013,,Philippines_2013
Italy,2013,,Italy_2013
Spain,2013,,Spain_2013
China,2013,,China_2013
Brazil,2013,,Brazil_2013
Indonesia,2013,,Indonesia_2013
Argentina,2013,,Argentina_2013
India,2013,,India_2013
Türkiye,2013,,Türkiye_2013
Laos,2013,,Laos_2013
Lebanon,2013,,Lebanon_2013
Djibouti,2013,,Djibouti_2013
Dominica,2013,,Dominica_2013
Cayman Islands,2013,,Cayman Islands_2013
Dominican Republic,2013,,Dominican Republic_2013
Algeria,2013,,Algeria_2013
Ecuador,2013,,Ecuador_2013
Egypt,2013,,Egypt_2013
Eritrea,2013,,Eritrea_2013
Western Sahara,2013,,Western Sahara_2013
Christmas Island,2013,,Christmas Island_2013
Estonia,2013,,Estonia_2013
Ethiopia,2013,,Ethiopia_2013
Curaçao,2013,,Curaçao_2013
Fiji,2013,,Fiji_2013
Falkland Islands (Islas Malvinas),2013,,Falkland Islands (Islas Malvinas)_2013
Cuba,2013,,Cuba_2013
Faroe Islands,2013,,Faroe Islands_2013
Micronesia,2013,,Micronesia_2013
Gabon,2013,,Gabon_2013
Costa Rica,2013,,Costa Rica_2013
Georgia,2013,,Georgia_2013
Guernsey,2013,,Guernsey_2013
Cape Verde,2013,,Cape Verde_2013
Gibraltar,2013,,Gibraltar_2013
Guinea,2013,,Guinea_2013
Guadeloupe,2013,,Guadeloupe_2013
Gambia,2013,,Gambia_2013
Guinea-Bissau,2013,,Guinea-Bissau_2013
Equatorial Guinea,2013,,Equatorial Guinea_2013
Comoros,2013,,Comoros_2013
Grenada,2013,,Grenada_2013
Greenland,2013,,Greenland_2013
Guatemala,2013,,Guatemala_2013
French Guiana,2013,,French Guiana_2013
Guam,2013,,Guam_2013
Guyana,2013,,Guyana_2013
Hong Kong,2013,,Hong Kong_2013
Heard & McDonald Islands,2013,,Heard & McDonald Islands_2013
Honduras,2013,,Honduras_2013
Croatia,2013,,Croatia_2013
Haiti,2013,,Haiti_2013
Colombia,2013,,Colombia_2013
Cook Islands,2013,,Cook Islands_2013
Isle of Man,2013,,Isle of Man_2013
Congo - Brazzaville,2013,,Congo - Brazzaville_2013
British Indian Ocean Territory,2013,,British Indian Ocean Territory_2013
Congo - Kinshasa,2013,,Congo - Kinshasa_2013
Iran,2013,,Iran_2013
Iraq,2013,,Iraq_2013
Iceland,2013,,Iceland_2013
Israel,2013,,Israel_2013
Cameroon,2013,,Cameroon_2013
Côte d'Ivoire,2013,,Côte d'Ivoire_2013
Jersey,2013,,Jersey_2013
Jordan,2013,,Jordan_2013
Cocos (Keeling) Islands,2013,,Cocos (Keeling) Islands_2013
Kazakhstan,2013,,Kazakhstan_2013
Central African Republic,2013,,Central African Republic_2013
Kyrgyzstan,2013,,Kyrgyzstan_2013
Cambodia,2013,,Cambodia_2013
Kiribati,2013,,Kiribati_2013
St. Kitts & Nevis,2013,,St. Kitts & Nevis_2013
Botswana,2013,,Botswana_2013
Kuwait,2013,,Kuwait_2013
Bouvet Island,2013,,Bouvet Island_2013
Bhutan,2013,,Bhutan_2013
Aruba,2013,,Aruba_2013
Libya,2013,,Libya_2013
St. Lucia,2013,,St. Lucia_2013
Liechtenstein,2013,,Liechtenstein_2013
Sri Lanka,2013,,Sri Lanka_2013
Lesotho,2013,,Lesotho_2013
Lithuania,2013,,Lithuania_2013
Luxembourg,2013,,Luxembourg_2013
Latvia,2013,,Latvia_2013
Macao,2013,,Macao_2013
St. Martin,2013,,St. Martin_2013
Brunei,2013,,Brunei_2013
Monaco,2013,,Monaco_2013
Moldova,2013,,Moldova_2013
Madagascar,2013,,Madagascar_2013
Maldives,2013,,Maldives_2013
Bolivia,2013,,Bolivia_2013
Marshall Islands,2013,,Marshall Islands_2013
North Macedonia,2013,,North Macedonia_2013
Mali,2013,,Mali_2013
Malta,2013,,Malta_2013
Myanmar (Burma),2013,,Myanmar (Burma)_2013
Montenegro,2013,,Montenegro_2013
Mongolia,2013,,Mongolia_2013
Northern Mariana Islands,2013,,Northern Mariana Islands_2013
Bermuda,2013,,Bermuda_2013
Mauritania,2013,,Mauritania_2013
Montserrat,2013,,Montserrat_2013
Cyprus,2013,,Cyprus_2013
Mauritius,2013,,Mauritius_2013
Malawi,2013,,Malawi_2013
Belize,2013,,Belize_2013
Mayotte,2013,,Mayotte_2013
Namibia,2013,,Namibia_2013
New Caledonia,2013,,New Caledonia_2013
Niger,2013,,Niger_2013
Norfolk Island,2013,,Norfolk Island_2013
Belarus,2013,,Belarus_2013
Nicaragua,2013,,Nicaragua_2013
Niue,2013,,Niue_2013
St. Barthélemy,2013,,St. Barthélemy_2013
Bosnia & Herzegovina,2013,,Bosnia & Herzegovina_2013
Nepal,2013,,Nepal_2013
Nauru,2013,,Nauru_2013
Bahrain,2013,,Bahrain_2013
Oman,2013,,Oman_2013
Pakistan,2013,,Pakistan_2013
Panama,2013,,Panama_2013
Pitcairn Islands,2013,,Pitcairn Islands_2013
Peru,2013,,Peru_2013
Bangladesh,2013,,Bangladesh_2013
Palau,2013,,Palau_2013
Papua New Guinea,2013,,Papua New Guinea_2013
Burkina Faso,2013,,Burkina Faso_2013
Caribbean Netherlands,2013,,Caribbean Netherlands_2013
North Korea,2013,,North Korea_2013
Benin,2013,,Benin_2013
Paraguay,2013,,Paraguay_2013
Palestine,2013,,Palestine_2013
French Polynesia,2013,,French Polynesia_2013
Qatar,2013,,Qatar_2013
Réunion,2013,,Réunion_2013
Burundi,2013,,Burundi_2013
Azerbaijan,2013,,Azerbaijan_2013
Rwanda,2013,,Rwanda_2013
Saudi Arabia,2013,,Saudi Arabia_2013
Sudan,2013,,Sudan_2013
Senegal,2013,,Senegal_2013
Antigua & Barbuda,2013,,Antigua & Barbuda_2013
South Georgia & South Sandwich Islands,2013,,South Georgia & South Sandwich Islands_2013
French Southern Territories,2013,,French Southern Territories_2013
Svalbard & Jan Mayen,2013,,Svalbard & Jan Mayen_2013
Solomon Islands,2013,,Solomon Islands_2013
Sierra Leone,2013,,Sierra Leone_2013
El Salvador,2013,,El Salvador_2013
San Marino,2013,,San Marino_2013
Somalia,2013,,Somalia_2013
St. Pierre & Miquelon,2013,,St. Pierre & Miquelon_2013
Antarctica,2013,,Antarctica_2013
South Sudan,2013,,South Sudan_2013
São Tomé & Príncipe,2013,,São Tomé & Príncipe_2013
Suriname,2013,,Suriname_2013
American Samoa,2013,,American Samoa_2013
Slovenia,2013,,Slovenia_2013
Armenia,2013,,Armenia_2013
Eswatini,2013,,Eswatini_2013
Sint Maarten,2013,,Sint Maarten_2013
Seychelles,2013,,Seychelles_2013
Syria,2013,,Syria_2013
Turks & Caicos Islands,2013,,Turks & Caicos Islands_2013
Chad,2013,,Chad_2013
Togo,2013,,Togo_2013
Thailand,2013,,Thailand_2013
Tajikistan,2013,,Tajikistan_2013
Tokelau,2013,,Tokelau_2013
Turkmenistan,2013,,Turkmenistan_2013
Timor-Leste,2013,,Timor-Leste_2013
Tonga,2013,,Tonga_2013
Andorra,2013,,Andorra_2013
Tunisia,2013,,Tunisia_2013
Albania,2013,,Albania_2013
Tuvalu,2013,,Tuvalu_2013
Taiwan,2013,,Taiwan_2013
Åland Islands,2013,,Åland Islands_2013
Uganda,2013,,Uganda_2013
Anguilla,2013,,Anguilla_2013
U.S. Outlying Islands,2013,,U.S. Outlying Islands_2013
Uruguay,2013,,Uruguay_2013
Afghanistan,2013,,Afghanistan_2013
Uzbekistan,2013,,Uzbekistan_2013
Vatican City,2013,,Vatican City_2013
St. Vincent & Grenadines,2013,,St. Vincent & Grenadines_2013
Venezuela,2013,,Venezuela_2013
British Virgin Islands,2013,,British Virgin Islands_2013
U.S. Virgin Islands,2013,,U.S. Virgin Islands_2013
Vietnam,2013,,Vietnam_2013
Vanuatu,2013,,Vanuatu_2013
Wallis & Futuna,2013,,Wallis & Futuna_2013
Samoa,2013,,Samoa_2013
Kosovo,2013,,Kosovo_2013
Yemen,2013,,Yemen_2013
Liberia,2013,,Liberia_2013
Zambia,2013,,Zambia_2013
Martinique,2013,,Martinique_2013
Gabon,2014,,Gabon_2014
Angola,2014,,Angola_2014
Bahamas,2014,,Bahamas_2014
Barbados,2014,,Barbados_2014
Jamaica,2014,,Jamaica_2014
Mozambique,2014,,Mozambique_2014
Zambia,2014,,Zambia_2014
Trinidad & Tobago,2014,,Trinidad & Tobago_2014
South Africa,2014,33,South Africa_2014
Iceland,2014,,Iceland_2014
United States,2014,33,United States_2014
Ghana,2014,32,Ghana_2014
Zimbabwe,2014,,Zimbabwe_2014
Canada,2014,20,Canada_2014
Nigeria,2014,18,Nigeria_2014
Côte d'Ivoire,2014,,Côte d'Ivoire_2014
Senegal,2014,,Senegal_2014
Tanzania,2014,,Tanzania_2014
New Zealand,2014,13,New Zealand_2014
Uzbekistan,2014,,Uzbekistan_2014
Puerto Rico,2014,,Puerto Rico_2014
United Kingdom,2014,8,United Kingdom_2014
Kenya,2014,,Kenya_2014
Netherlands,2014,7,Netherlands_2014
Denmark,2014,7,Denmark_2014
Australia,2014,7,Australia_2014
France,2014,6,France_2014
South Korea,2014,6,South Korea_2014
Latvia,2014,,Latvia_2014
Belarus,2014,5,Belarus_2014
Bulgaria,2014,5,Bulgaria_2014
Sweden,2014,5,Sweden_2014
Switzerland,2014,4,Switzerland_2014
Kazakhstan,2014,,Kazakhstan_2014
Slovakia,2014,4,Slovakia_2014
Russia,2014,4,Russia_2014
Qatar,2014,,Qatar_2014
Norway,2014,4,Norway_2014
Czech Republic,2014,4,Czech Republic_2014
Belgium,2014,3,Belgium_2014
Portugal,2014,3,Portugal_2014
Germany,2014,3,Germany_2014
United Arab Emirates,2014,,United Arab Emirates_2014
Ireland,2014,2,Ireland_2014
Singapore,2014,,Singapore_2014
Ukraine,2014,2,Ukraine_2014
Lithuania,2014,,Lithuania_2014
Finland,2014,2,Finland_2014
Serbia,2014,,Serbia_2014
Greece,2014,,Greece_2014
Croatia,2014,,Croatia_2014
Hong Kong,2014,,Hong Kong_2014
Austria,2014,,Austria_2014
Poland,2014,1,Poland_2014
Chile,2014,1,Chile_2014
Israel,2014,,Israel_2014
Hungary,2014,,Hungary_2014
Mexico,2014,,Mexico_2014
Romania,2014,,Romania_2014
Spain,2014,,Spain_2014
Philippines,2014,,Philippines_2014
Brazil,2014,,Brazil_2014
Italy,2014,,Italy_2014
Malaysia,2014,,Malaysia_2014
Bolivia,2014,,Bolivia_2014
Saudi Arabia,2014,,Saudi Arabia_2014
Colombia,2014,,Colombia_2014
Japan,2014,,Japan_2014
Indonesia,2014,,Indonesia_2014
Venezuela,2014,,Venezuela_2014
Taiwan,2014,,Taiwan_2014
Argentina,2014,,Argentina_2014
Türkiye,2014,,Türkiye_2014
India,2014,,India_2014
Thailand,2014,,Thailand_2014
Afghanistan,2014,,Afghanistan_2014
Lebanon,2014,,Lebanon_2014
Micronesia,2014,,Micronesia_2014
Falkland Islands (Islas Malvinas),2014,,Falkland Islands (Islas Malvinas)_2014
Fiji,2014,,Fiji_2014
Georgia,2014,,Georgia_2014
Guernsey,2014,,Guernsey_2014
Ethiopia,2014,,Ethiopia_2014
Gibraltar,2014,,Gibraltar_2014
Guinea,2014,,Guinea_2014
Guadeloupe,2014,,Guadeloupe_2014
Gambia,2014,,Gambia_2014
Guinea-Bissau,2014,,Guinea-Bissau_2014
Equatorial Guinea,2014,,Equatorial Guinea_2014
Estonia,2014,,Estonia_2014
Grenada,2014,,Grenada_2014
Greenland,2014,,Greenland_2014
Guatemala,2014,,Guatemala_2014
French Guiana,2014,,French Guiana_2014
Guam,2014,,Guam_2014
Guyana,2014,,Guyana_2014
Western Sahara,2014,,Western Sahara_2014
Heard & McDonald Islands,2014,,Heard & McDonald Islands_2014
Honduras,2014,,Honduras_2014
Eritrea,2014,,Eritrea_2014
Haiti,2014,,Haiti_2014
Egypt,2014,,Egypt_2014
Ecuador,2014,,Ecuador_2014
Isle of Man,2014,,Isle of Man_2014
Algeria,2014,,Algeria_2014
British Indian Ocean Territory,2014,,British Indian Ocean Territory_2014
Dominican Republic,2014,,Dominican Republic_2014
Iran,2014,,Iran_2014
Iraq,2014,,Iraq_2014
Dominica,2014,,Dominica_2014
Djibouti,2014,,Djibouti_2014
Cyprus,2014,,Cyprus_2014
Cayman Islands,2014,,Cayman Islands_2014
Jersey,2014,,Jersey_2014
Jordan,2014,,Jordan_2014
Christmas Island,2014,,Christmas Island_2014
Curaçao,2014,,Curaçao_2014
Cuba,2014,,Cuba_2014
Kyrgyzstan,2014,,Kyrgyzstan_2014
Cambodia,2014,,Cambodia_2014
Kiribati,2014,,Kiribati_2014
St. Kitts & Nevis,2014,,St. Kitts & Nevis_2014
Costa Rica,2014,,Costa Rica_2014
Kuwait,2014,,Kuwait_2014
Cape Verde,2014,,Cape Verde_2014
Comoros,2014,,Comoros_2014
Aruba,2014,,Aruba_2014
Libya,2014,,Libya_2014
St. Lucia,2014,,St. Lucia_2014
Liechtenstein,2014,,Liechtenstein_2014
Sri Lanka,2014,,Sri Lanka_2014
Lesotho,2014,,Lesotho_2014
Cook Islands,2014,,Cook Islands_2014
Luxembourg,2014,,Luxembourg_2014
Congo - Brazzaville,2014,,Congo - Brazzaville_2014
Macao,2014,,Macao_2014
St. Martin,2014,,St. Martin_2014
Morocco,2014,,Morocco_2014
Monaco,2014,,Monaco_2014
Moldova,2014,,Moldova_2014
Madagascar,2014,,Madagascar_2014
Maldives,2014,,Maldives_2014
Congo - Kinshasa,2014,,Congo - Kinshasa_2014
Marshall Islands,2014,,Marshall Islands_2014
North Macedonia,2014,,North Macedonia_2014
Mali,2014,,Mali_2014
Malta,2014,,Malta_2014
Myanmar (Burma),2014,,Myanmar (Burma)_2014
Montenegro,2014,,Montenegro_2014
Mongolia,2014,,Mongolia_2014
Northern Mariana Islands,2014,,Northern Mariana Islands_2014
Cameroon,2014,,Cameroon_2014
Mauritania,2014,,Mauritania_2014
Montserrat,2014,,Montserrat_2014
Martinique,2014,,Martinique_2014
Mauritius,2014,,Mauritius_2014
Malawi,2014,,Malawi_2014
China,2014,,China_2014
Mayotte,2014,,Mayotte_2014
Namibia,2014,,Namibia_2014
New Caledonia,2014,,New Caledonia_2014
Niger,2014,,Niger_2014
Norfolk Island,2014,,Norfolk Island_2014
Faroe Islands,2014,,Faroe Islands_2014
Nicaragua,2014,,Nicaragua_2014
Niue,2014,,Niue_2014
Central African Republic,2014,,Central African Republic_2014
Botswana,2014,,Botswana_2014
Nepal,2014,,Nepal_2014
Nauru,2014,,Nauru_2014
Bouvet Island,2014,,Bouvet Island_2014
Oman,2014,,Oman_2014
Pakistan,2014,,Pakistan_2014
Panama,2014,,Panama_2014
Pitcairn Islands,2014,,Pitcairn Islands_2014
Peru,2014,,Peru_2014
Bhutan,2014,,Bhutan_2014
Palau,2014,,Palau_2014
Papua New Guinea,2014,,Papua New Guinea_2014
Brunei,2014,,Brunei_2014
Bermuda,2014,,Bermuda_2014
North Korea,2014,,North Korea_2014
Belize,2014,,Belize_2014
Paraguay,2014,,Paraguay_2014
Palestine,2014,,Palestine_2014
French Polynesia,2014,,French Polynesia_2014
St. Barthélemy,2014,,St. Barthélemy_2014
Réunion,2014,,Réunion_2014
Bosnia & Herzegovina,2014,,Bosnia & Herzegovina_2014
Bahrain,2014,,Bahrain_2014
Rwanda,2014,,Rwanda_2014
Bangladesh,2014,,Bangladesh_2014
Sudan,2014,,Sudan_2014
Burkina Faso,2014,,Burkina Faso_2014
Caribbean Netherlands,2014,,Caribbean Netherlands_2014
South Georgia & South Sandwich Islands,2014,,South Georgia & South Sandwich Islands_2014
St. Helena,2014,,St. Helena_2014
Svalbard & Jan Mayen,2014,,Svalbard & Jan Mayen_2014
Solomon Islands,2014,,Solomon Islands_2014
Sierra Leone,2014,,Sierra Leone_2014
El Salvador,2014,,El Salvador_2014
San Marino,2014,,San Marino_2014
Somalia,2014,,Somalia_2014
St. Pierre & Miquelon,2014,,St. Pierre & Miquelon_2014
Benin,2014,,Benin_2014
South Sudan,2014,,South Sudan_2014
São Tomé & Príncipe,2014,,São Tomé & Príncipe_2014
Suriname,2014,,Suriname_2014
Burundi,2014,,Burundi_2014
Slovenia,2014,,Slovenia_2014
Azerbaijan,2014,,Azerbaijan_2014
Eswatini,2014,,Eswatini_2014
Sint Maarten,2014,,Sint Maarten_2014
Seychelles,2014,,Seychelles_2014
Syria,2014,,Syria_2014
Turks & Caicos Islands,2014,,Turks & Caicos Islands_2014
Chad,2014,,Chad_2014
Togo,2014,,Togo_2014
Antigua & Barbuda,2014,,Antigua & Barbuda_2014
Tajikistan,2014,,Tajikistan_2014
Tokelau,2014,,Tokelau_2014
Turkmenistan,2014,,Turkmenistan_2014
Timor-Leste,2014,,Timor-Leste_2014
Tonga,2014,,Tonga_2014
French Southern Territories,2014,,French Southern Territories_2014
Tunisia,2014,,Tunisia_2014
Antarctica,2014,,Antarctica_2014
Tuvalu,2014,,Tuvalu_2014
American Samoa,2014,,American Samoa_2014
Armenia,2014,,Armenia_2014
Uganda,2014,,Uganda_2014
Andorra,2014,,Andorra_2014
U.S. Outlying Islands,2014,,U.S. Outlying Islands_2014
Uruguay,2014,,Uruguay_2014
Albania,2014,,Albania_2014
Åland Islands,2014,,Åland Islands_2014
Vatican City,2014,,Vatican City_2014
St. Vincent & Grenadines,2014,,St. Vincent & Grenadines_2014
Anguilla,2014,,Anguilla_2014
British Virgin Islands,2014,,British Virgin Islands_2014
U.S. Virgin Islands,2014,,U.S. Virgin Islands_2014
Vietnam,2014,,Vietnam_2014
Vanuatu,2014,,Vanuatu_2014
Wallis & Futuna,2014,,Wallis & Futuna_2014
Samoa,2014,,Samoa_2014
Kosovo,2014,,Kosovo_2014
Yemen,2014,,Yemen_2014
Liberia,2014,,Liberia_2014
Laos,2014,,Laos_2014
Cocos (Keeling) Islands,2014,,Cocos (Keeling) Islands_2014
Eswatini,2015,,Eswatini_2015
Barbados,2015,,Barbados_2015
Anguilla,2015,,Anguilla_2015
Botswana,2015,,Botswana_2015
Sint Maarten,2015,,Sint Maarten_2015
St. Vincent & Grenadines,2015,,St. Vincent & Grenadines_2015
St. Lucia,2015,,St. Lucia_2015
Angola,2015,,Angola_2015
Bahamas,2015,,Bahamas_2015
Gabon,2015,,Gabon_2015
South Africa,2015,79,South Africa_2015
British Virgin Islands,2015,,British Virgin Islands_2015
Mozambique,2015,,Mozambique_2015
Zambia,2015,,Zambia_2015
Bermuda,2015,,Bermuda_2015
Jamaica,2015,72,Jamaica_2015
Cayman Islands,2015,,Cayman Islands_2015
Grenada,2015,,Grenada_2015
Namibia,2015,,Namibia_2015
Trinidad & Tobago,2015,61,Trinidad & Tobago_2015
U.S. Virgin Islands,2015,,U.S. Virgin Islands_2015
Antigua & Barbuda,2015,,Antigua & Barbuda_2015
Zimbabwe,2015,,Zimbabwe_2015
St. Kitts & Nevis,2015,,St. Kitts & Nevis_2015
Dominica,2015,,Dominica_2015
Mongolia,2015,,Mongolia_2015
Ghana,2015,47,Ghana_2015
Malawi,2015,,Malawi_2015
Kenya,2015,41,Kenya_2015
Belize,2015,,Belize_2015
Aruba,2015,,Aruba_2015
Lesotho,2015,,Lesotho_2015
United States,2015,38,United States_2015
Guyana,2015,,Guyana_2015
Guadeloupe,2015,,Guadeloupe_2015
Canada,2015,36,Canada_2015
Nigeria,2015,35,Nigeria_2015
Martinique,2015,,Martinique_2015
Côte d'Ivoire,2015,,Côte d'Ivoire_2015
Curaçao,2015,,Curaçao_2015
Iceland,2015,,Iceland_2015
Cameroon,2015,,Cameroon_2015
Niger,2015,,Niger_2015
Fiji,2015,,Fiji_2015
Uganda,2015,,Uganda_2015
Rwanda,2015,,Rwanda_2015
Benin,2015,,Benin_2015
Bhutan,2015,,Bhutan_2015
Senegal,2015,,Senegal_2015
Haiti,2015,,Haiti_2015
Kosovo,2015,,Kosovo_2015
Suriname,2015,,Suriname_2015
Guam,2015,,Guam_2015
Congo - Brazzaville,2015,,Congo - Brazzaville_2015
North Macedonia,2015,,North Macedonia_2015
New Zealand,2015,17,New Zealand_2015
Tanzania,2015,,Tanzania_2015
Liberia,2015,,Liberia_2015
French Guiana,2015,,French Guiana_2015
Congo - Kinshasa,2015,,Congo - Kinshasa_2015
United Kingdom,2015,11,United Kingdom_2015
Puerto Rico,2015,,Puerto Rico_2015
Jersey,2015,,Jersey_2015
Denmark,2015,10,Denmark_2015
Australia,2015,9,Australia_2015
Mali,2015,,Mali_2015
Albania,2015,,Albania_2015
Switzerland,2015,8,Switzerland_2015
Ethiopia,2015,,Ethiopia_2015
France,2015,8,France_2015
Burkina Faso,2015,,Burkina Faso_2015
United Arab Emirates,2015,8,United Arab Emirates_2015
Netherlands,2015,8,Netherlands_2015
Réunion,2015,,Réunion_2015
Madagascar,2015,,Madagascar_2015
Georgia,2015,,Georgia_2015
Norway,2015,6,Norway_2015
Sweden,2015,6,Sweden_2015
Latvia,2015,,Latvia_2015
Brunei,2015,,Brunei_2015
Montenegro,2015,,Montenegro_2015
Mauritius,2015,,Mauritius_2015
Portugal,2015,6,Portugal_2015
Armenia,2015,,Armenia_2015
St. Helena,2015,,St. Helena_2015
Lebanon,2015,,Lebanon_2015
Belgium,2015,5,Belgium_2015
Slovakia,2015,,Slovakia_2015
Serbia,2015,5,Serbia_2015
Ireland,2015,5,Ireland_2015
Bulgaria,2015,5,Bulgaria_2015
Bahrain,2015,,Bahrain_2015
Cyprus,2015,,Cyprus_2015
Kyrgyzstan,2015,,Kyrgyzstan_2015
Dominican Republic,2015,,Dominican Republic_2015
Estonia,2015,,Estonia_2015
Qatar,2015,,Qatar_2015
Czech Republic,2015,4,Czech Republic_2015
Croatia,2015,,Croatia_2015
Uzbekistan,2015,,Uzbekistan_2015
Germany,2015,4,Germany_2015
Kuwait,2015,,Kuwait_2015
Moldova,2015,,Moldova_2015
Morocco,2015,,Morocco_2015
Panama,2015,,Panama_2015
Bosnia & Herzegovina,2015,,Bosnia & Herzegovina_2015
Azerbaijan,2015,,Azerbaijan_2015
Malaysia,2015,3,Malaysia_2015
South Korea,2015,3,South Korea_2015
Kazakhstan,2015,,Kazakhstan_2015
Malta,2015,,Malta_2015
Nicaragua,2015,,Nicaragua_2015
Costa Rica,2015,,Costa Rica_2015
Sudan,2015,,Sudan_2015
Finland,2015,,Finland_2015
Greece,2015,2,Greece_2015
Russia,2015,2,Russia_2015
Myanmar (Burma),2015,,Myanmar (Burma)_2015
Poland,2015,2,Poland_2015
Belarus,2015,,Belarus_2015
Luxembourg,2015,,Luxembourg_2015
Singapore,2015,,Singapore_2015
Philippines,2015,2,Philippines_2015
Tunisia,2015,,Tunisia_2015
Oman,2015,,Oman_2015
Chile,2015,2,Chile_2015
Hungary,2015,,Hungary_2015
Israel,2015,,Israel_2015
Romania,2015,2,Romania_2015
Lithuania,2015,,Lithuania_2015
Slovenia,2015,,Slovenia_2015
Iran,2015,2,Iran_2015
Austria,2015,,Austria_2015
Bangladesh,2015,,Bangladesh_2015
El Salvador,2015,,El Salvador_2015
Ukraine,2015,2,Ukraine_2015
Italy,2015,2,Italy_2015
Spain,2015,1,Spain_2015
Honduras,2015,,Honduras_2015
Saudi Arabia,2015,,Saudi Arabia_2015
Algeria,2015,,Algeria_2015
Mexico,2015,1,Mexico_2015
Hong Kong,2015,,Hong Kong_2015
Brazil,2015,1,Brazil_2015
Guatemala,2015,,Guatemala_2015
Türkiye,2015,1,Türkiye_2015
Venezuela,2015,,Venezuela_2015
Uruguay,2015,,Uruguay_2015
Colombia,2015,,Colombia_2015
Indonesia,2015,1,Indonesia_2015
Pakistan,2015,,Pakistan_2015
India,2015,1,India_2015
Jordan,2015,,Jordan_2015
Egypt,2015,,Egypt_2015
Ecuador,2015,,Ecuador_2015
Bolivia,2015,,Bolivia_2015
Argentina,2015,,Argentina_2015
Peru,2015,,Peru_2015
Taiwan,2015,,Taiwan_2015
Sri Lanka,2015,,Sri Lanka_2015
Thailand,2015,,Thailand_2015
Iraq,2015,,Iraq_2015
Japan,2015,,Japan_2015
Vietnam,2015,,Vietnam_2015
Palestine,2015,,Palestine_2015
French Polynesia,2015,,French Polynesia_2015
Guinea,2015,,Guinea_2015
Gibraltar,2015,,Gibraltar_2015
Nepal,2015,,Nepal_2015
Nauru,2015,,Nauru_2015
Gambia,2015,,Gambia_2015
Guinea-Bissau,2015,,Guinea-Bissau_2015
Norfolk Island,2015,,Norfolk Island_2015
Guernsey,2015,,Guernsey_2015
Pitcairn Islands,2015,,Pitcairn Islands_2015
Equatorial Guinea,2015,,Equatorial Guinea_2015
New Caledonia,2015,,New Caledonia_2015
Palau,2015,,Palau_2015
Papua New Guinea,2015,,Papua New Guinea_2015
Micronesia,2015,,Micronesia_2015
Faroe Islands,2015,,Faroe Islands_2015
North Korea,2015,,North Korea_2015
Falkland Islands (Islas Malvinas),2015,,Falkland Islands (Islas Malvinas)_2015
Paraguay,2015,,Paraguay_2015
American Samoa,2015,,American Samoa_2015
Mayotte,2015,,Mayotte_2015
Kiribati,2015,,Kiribati_2015
Western Sahara,2015,,Western Sahara_2015
Greenland,2015,,Greenland_2015
Eritrea,2015,,Eritrea_2015
Antarctica,2015,,Antarctica_2015
Montserrat,2015,,Montserrat_2015
Mauritania,2015,,Mauritania_2015
French Southern Territories,2015,,French Southern Territories_2015
Northern Mariana Islands,2015,,Northern Mariana Islands_2015
South Georgia & South Sandwich Islands,2015,,South Georgia & South Sandwich Islands_2015
Djibouti,2015,,Djibouti_2015
Svalbard & Jan Mayen,2015,,Svalbard & Jan Mayen_2015
Solomon Islands,2015,,Solomon Islands_2015
Sierra Leone,2015,,Sierra Leone_2015
Heard & McDonald Islands,2015,,Heard & McDonald Islands_2015
San Marino,2015,,San Marino_2015
Somalia,2015,,Somalia_2015
St. Pierre & Miquelon,2015,,St. Pierre & Miquelon_2015
Christmas Island,2015,,Christmas Island_2015
South Sudan,2015,,South Sudan_2015
São Tomé & Príncipe,2015,,São Tomé & Príncipe_2015
Cuba,2015,,Cuba_2015
Cape Verde,2015,,Cape Verde_2015
Isle of Man,2015,,Isle of Man_2015
Comoros,2015,,Comoros_2015
Marshall Islands,2015,,Marshall Islands_2015
British Indian Ocean Territory,2015,,British Indian Ocean Territory_2015
Seychelles,2015,,Seychelles_2015
Syria,2015,,Syria_2015
Turks & Caicos Islands,2015,,Turks & Caicos Islands_2015
Chad,2015,,Chad_2015
Togo,2015,,Togo_2015
Monaco,2015,,Monaco_2015
Tajikistan,2015,,Tajikistan_2015
Tokelau,2015,,Tokelau_2015
Turkmenistan,2015,,Turkmenistan_2015
Timor-Leste,2015,,Timor-Leste_2015
Tonga,2015,,Tonga_2015
Cook Islands,2015,,Cook Islands_2015
St. Martin,2015,,St. Martin_2015
Macao,2015,,Macao_2015
Tuvalu,2015,,Tuvalu_2015
Liechtenstein,2015,,Liechtenstein_2015
China,2015,,China_2015
Libya,2015,,Libya_2015
Afghanistan,2015,,Afghanistan_2015
U.S. Outlying Islands,2015,,U.S. Outlying Islands_2015
Caribbean Netherlands,2015,,Caribbean Netherlands_2015
Cocos (Keeling) Islands,2015,,Cocos (Keeling) Islands_2015
Central African Republic,2015,,Central African Republic_2015
Vatican City,2015,,Vatican City_2015
Andorra,2015,,Andorra_2015
Burundi,2015,,Burundi_2015
St. Barthélemy,2015,,St. Barthélemy_2015
Åland Islands,2015,,Åland Islands_2015
Cambodia,2015,,Cambodia_2015
Vanuatu,2015,,Vanuatu_2015
Wallis & Futuna,2015,,Wallis & Futuna_2015
Samoa,2015,,Samoa_2015
Bouvet Island,2015,,Bouvet Island_2015
Yemen,2015,,Yemen_2015
Maldives,2015,,Maldives_2015
Laos,2015,,Laos_2015
Niue,2015,,Niue_2015
Eswatini,2016,,Eswatini_2016
Angola,2016,,Angola_2016
Mozambique,2016,,Mozambique_2016
Botswana,2016,,Botswana_2016
Gabon,2016,,Gabon_2016
Zambia,2016,78,Zambia_2016
Lesotho,2016,,Lesotho_2016
South Africa,2016,70,South Africa_2016
St. Lucia,2016,,St. Lucia_2016
Zimbabwe,2016,66,Zimbabwe_2016
Equatorial Guinea,2016,,Equatorial Guinea_2016
Namibia,2016,,Namibia_2016
Malawi,2016,,Malawi_2016
Vanuatu,2016,,Vanuatu_2016
St. Vincent & Grenadines,2016,,St. Vincent & Grenadines_2016
Ghana,2016,48,Ghana_2016
Bahamas,2016,,Bahamas_2016
Barbados,2016,,Barbados_2016
Antigua & Barbuda,2016,,Antigua & Barbuda_2016
St. Kitts & Nevis,2016,,St. Kitts & Nevis_2016
Solomon Islands,2016,,Solomon Islands_2016
Grenada,2016,,Grenada_2016
Bermuda,2016,,Bermuda_2016
Benin,2016,,Benin_2016
Mongolia,2016,38,Mongolia_2016
Haiti,2016,,Haiti_2016
Guinea,2016,,Guinea_2016
U.S. Virgin Islands,2016,,U.S. Virgin Islands_2016
Jamaica,2016,37,Jamaica_2016
Trinidad & Tobago,2016,36,Trinidad & Tobago_2016
Dominica,2016,,Dominica_2016
Nigeria,2016,33,Nigeria_2016
Guadeloupe,2016,,Guadeloupe_2016
British Virgin Islands,2016,,British Virgin Islands_2016
Belize,2016,,Belize_2016
Seychelles,2016,,Seychelles_2016
Martinique,2016,,Martinique_2016
Côte d'Ivoire,2016,27,Côte d'Ivoire_2016
Togo,2016,,Togo_2016
Guyana,2016,,Guyana_2016
Cayman Islands,2016,,Cayman Islands_2016
Kenya,2016,25,Kenya_2016
Aruba,2016,,Aruba_2016
Papua New Guinea,2016,,Papua New Guinea_2016
Curaçao,2016,,Curaçao_2016
Mali,2016,,Mali_2016
United States,2016,23,United States_2016
Niger,2016,,Niger_2016
Iceland,2016,,Iceland_2016
Cameroon,2016,,Cameroon_2016
Cape Verde,2016,,Cape Verde_2016
Canada,2016,20,Canada_2016
Sint Maarten,2016,,Sint Maarten_2016
Senegal,2016,,Senegal_2016
Uganda,2016,,Uganda_2016
Rwanda,2016,,Rwanda_2016
Tanzania,2016,17,Tanzania_2016
Mayotte,2016,,Mayotte_2016
Kosovo,2016,,Kosovo_2016
French Guiana,2016,,French Guiana_2016
Guam,2016,,Guam_2016
Liechtenstein,2016,,Liechtenstein_2016
New Zealand,2016,15,New Zealand_2016
Burundi,2016,,Burundi_2016
Congo - Brazzaville,2016,,Congo - Brazzaville_2016
Burkina Faso,2016,,Burkina Faso_2016
Sierra Leone,2016,,Sierra Leone_2016
Congo - Kinshasa,2016,,Congo - Kinshasa_2016
Suriname,2016,,Suriname_2016
North Macedonia,2016,,North Macedonia_2016
Liberia,2016,,Liberia_2016
Denmark,2016,12,Denmark_2016
Puerto Rico,2016,11,Puerto Rico_2016
Fiji,2016,,Fiji_2016
Australia,2016,10,Australia_2016
Ethiopia,2016,,Ethiopia_2016
Georgia,2016,,Georgia_2016
Mauritania,2016,,Mauritania_2016
Jersey,2016,,Jersey_2016
United Kingdom,2016,7,United Kingdom_2016
United Arab Emirates,2016,7,United Arab Emirates_2016
Réunion,2016,,Réunion_2016
Madagascar,2016,,Madagascar_2016
Mauritius,2016,,Mauritius_2016
Norway,2016,6,Norway_2016
St. Helena,2016,,St. Helena_2016
Switzerland,2016,6,Switzerland_2016
Lebanon,2016,,Lebanon_2016
France,2016,5,France_2016
Brunei,2016,,Brunei_2016
Netherlands,2016,5,Netherlands_2016
Albania,2016,,Albania_2016
Sweden,2016,5,Sweden_2016
Portugal,2016,5,Portugal_2016
Panama,2016,,Panama_2016
Luxembourg,2016,,Luxembourg_2016
Bulgaria,2016,4,Bulgaria_2016
Cyprus,2016,,Cyprus_2016
Maldives,2016,,Maldives_2016
Bahrain,2016,,Bahrain_2016
Latvia,2016,,Latvia_2016
Serbia,2016,4,Serbia_2016
Montenegro,2016,,Montenegro_2016
Ireland,2016,4,Ireland_2016
Dominican Republic,2016,,Dominican Republic_2016
Slovakia,2016,,Slovakia_2016
Armenia,2016,,Armenia_2016
Uzbekistan,2016,,Uzbekistan_2016
Nicaragua,2016,,Nicaragua_2016
Germany,2016,3,Germany_2016
Bolivia,2016,,Bolivia_2016
Sudan,2016,,Sudan_2016
Finland,2016,3,Finland_2016
Belgium,2016,3,Belgium_2016
Turkmenistan,2016,,Turkmenistan_2016
Estonia,2016,,Estonia_2016
Bosnia & Herzegovina,2016,,Bosnia & Herzegovina_2016
Kuwait,2016,,Kuwait_2016
Croatia,2016,,Croatia_2016
Qatar,2016,,Qatar_2016
Afghanistan,2016,,Afghanistan_2016
Guatemala,2016,,Guatemala_2016
Morocco,2016,3,Morocco_2016
Libya,2016,,Libya_2016
Nepal,2016,,Nepal_2016
Slovenia,2016,,Slovenia_2016
Honduras,2016,,Honduras_2016
Somalia,2016,,Somalia_2016
Kazakhstan,2016,2,Kazakhstan_2016
Greece,2016,2,Greece_2016
Costa Rica,2016,,Costa Rica_2016
Myanmar (Burma),2016,,Myanmar (Burma)_2016
South Korea,2016,2,South Korea_2016
Czech Republic,2016,2,Czech Republic_2016
Malaysia,2016,2,Malaysia_2016
Philippines,2016,2,Philippines_2016
Moldova,2016,,Moldova_2016
Kyrgyzstan,2016,,Kyrgyzstan_2016
Hungary,2016,2,Hungary_2016
Romania,2016,2,Romania_2016
Lithuania,2016,,Lithuania_2016
Austria,2016,2,Austria_2016
Oman,2016,,Oman_2016
Russia,2016,2,Russia_2016
Poland,2016,2,Poland_2016
Israel,2016,2,Israel_2016
Singapore,2016,,Singapore_2016
Azerbaijan,2016,,Azerbaijan_2016
Malta,2016,,Malta_2016
Bangladesh,2016,,Bangladesh_2016
El Salvador,2016,,El Salvador_2016
Italy,2016,1,Italy_2016
Saudi Arabia,2016,1,Saudi Arabia_2016
Belarus,2016,,Belarus_2016
Mexico,2016,1,Mexico_2016
Tunisia,2016,,Tunisia_2016
Algeria,2016,,Algeria_2016
Chile,2016,1,Chile_2016
Spain,2016,1,Spain_2016
Jordan,2016,,Jordan_2016
Ukraine,2016,1,Ukraine_2016
Iran,2016,1,Iran_2016
Paraguay,2016,,Paraguay_2016
Brazil,2016,1,Brazil_2016
Hong Kong,2016,,Hong Kong_2016
Pakistan,2016,,Pakistan_2016
Venezuela,2016,,Venezuela_2016
Egypt,2016,,Egypt_2016
Cambodia,2016,,Cambodia_2016
Uruguay,2016,,Uruguay_2016
Indonesia,2016,,Indonesia_2016
India,2016,,India_2016
Colombia,2016,,Colombia_2016
Peru,2016,,Peru_2016
Sri Lanka,2016,,Sri Lanka_2016
Ecuador,2016,,Ecuador_2016
Argentina,2016,,Argentina_2016
Türkiye,2016,,Türkiye_2016
Thailand,2016,,Thailand_2016
Syria,2016,,Syria_2016
Japan,2016,,Japan_2016
Iraq,2016,,Iraq_2016
Taiwan,2016,,Taiwan_2016
Vietnam,2016,,Vietnam_2016
Central African Republic,2016,,Central African Republic_2016
China,2016,,China_2016
Heard & McDonald Islands,2016,,Heard & McDonald Islands_2016
Palestine,2016,,Palestine_2016
Greenland,2016,,Greenland_2016
North Korea,2016,,North Korea_2016
Guinea-Bissau,2016,,Guinea-Bissau_2016
Isle of Man,2016,,Isle of Man_2016
Gambia,2016,,Gambia_2016
Bhutan,2016,,Bhutan_2016
Bouvet Island,2016,,Bouvet Island_2016
South Georgia & South Sandwich Islands,2016,,South Georgia & South Sandwich Islands_2016
Gibraltar,2016,,Gibraltar_2016
Svalbard & Jan Mayen,2016,,Svalbard & Jan Mayen_2016
Antarctica,2016,,Antarctica_2016
Palau,2016,,Palau_2016
British Indian Ocean Territory,2016,,British Indian Ocean Territory_2016
San Marino,2016,,San Marino_2016
Guernsey,2016,,Guernsey_2016
St. Pierre & Miquelon,2016,,St. Pierre & Miquelon_2016
Micronesia,2016,,Micronesia_2016
South Sudan,2016,,South Sudan_2016
São Tomé & Príncipe,2016,,São Tomé & Príncipe_2016
Faroe Islands,2016,,Faroe Islands_2016
Falkland Islands (Islas Malvinas),2016,,Falkland Islands (Islas Malvinas)_2016
Pitcairn Islands,2016,,Pitcairn Islands_2016
Western Sahara,2016,,Western Sahara_2016
American Samoa,2016,,American Samoa_2016
Eritrea,2016,,Eritrea_2016
Nauru,2016,,Nauru_2016
St. Barthélemy,2016,,St. Barthélemy_2016
Turks & Caicos Islands,2016,,Turks & Caicos Islands_2016
Chad,2016,,Chad_2016
Niue,2016,,Niue_2016
French Southern Territories,2016,,French Southern Territories_2016
Tajikistan,2016,,Tajikistan_2016
Tokelau,2016,,Tokelau_2016
Norfolk Island,2016,,Norfolk Island_2016
Timor-Leste,2016,,Timor-Leste_2016
Tonga,2016,,Tonga_2016
Kiribati,2016,,Kiribati_2016
New Caledonia,2016,,New Caledonia_2016
Caribbean Netherlands,2016,,Caribbean Netherlands_2016
Tuvalu,2016,,Tuvalu_2016
Macao,2016,,Macao_2016
Cocos (Keeling) Islands,2016,,Cocos (Keeling) Islands_2016
Djibouti,2016,,Djibouti_2016
St. Martin,2016,,St. Martin_2016
U.S. Outlying Islands,2016,,U.S. Outlying Islands_2016
Monaco,2016,,Monaco_2016
Christmas Island,2016,,Christmas Island_2016
Cuba,2016,,Cuba_2016
Vatican City,2016,,Vatican City_2016
Andorra,2016,,Andorra_2016
Montserrat,2016,,Montserrat_2016
Comoros,2016,,Comoros_2016
Åland Islands,2016,,Åland Islands_2016
Marshall Islands,2016,,Marshall Islands_2016
Anguilla,2016,,Anguilla_2016
Wallis & Futuna,2016,,Wallis & Futuna_2016
Samoa,2016,,Samoa_2016
Northern Mariana Islands,2016,,Northern Mariana Islands_2016
Yemen,2016,,Yemen_2016
Cook Islands,2016,,Cook Islands_2016
Laos,2016,,Laos_2016
French Polynesia,2016,,French Polynesia_2016
Mozambique,2017,100,Mozambique_2017
Eswatini,2017,,Eswatini_2017
Equatorial Guinea,2017,,Equatorial Guinea_2017
Angola,2017,68,Angola_2017
Botswana,2017,,Botswana_2017
South Africa,2017,57,South Africa_2017
Zambia,2017,57,Zambia_2017
Gabon,2017,,Gabon_2017
Lesotho,2017,,Lesotho_2017
Zimbabwe,2017,49,Zimbabwe_2017
Malawi,2017,,Malawi_2017
Namibia,2017,,Namibia_2017
St. Lucia,2017,,St. Lucia_2017
Ghana,2017,31,Ghana_2017
Jamaica,2017,30,Jamaica_2017
Nigeria,2017,29,Nigeria_2017
Bermuda,2017,,Bermuda_2017
Barbados,2017,,Barbados_2017
Trinidad & Tobago,2017,,Trinidad & Tobago_2017
Cayman Islands,2017,,Cayman Islands_2017
Bahamas,2017,,Bahamas_2017
United States,2017,25,United States_2017
Haiti,2017,,Haiti_2017
Solomon Islands,2017,,Solomon Islands_2017
Benin,2017,,Benin_2017
Grenada,2017,,Grenada_2017
British Virgin Islands,2017,,British Virgin Islands_2017
St. Kitts & Nevis,2017,,St. Kitts & Nevis_2017
Seychelles,2017,,Seychelles_2017
Turks & Caicos Islands,2017,,Turks & Caicos Islands_2017
Aruba,2017,,Aruba_2017
St. Vincent & Grenadines,2017,,St. Vincent & Grenadines_2017
Togo,2017,,Togo_2017
Guam,2017,,Guam_2017
Congo - Brazzaville,2017,,Congo - Brazzaville_2017
Antigua & Barbuda,2017,,Antigua & Barbuda_2017
Belize,2017,,Belize_2017
Sint Maarten,2017,,Sint Maarten_2017
U.S. Virgin Islands,2017,,U.S. Virgin Islands_2017
Iceland,2017,,Iceland_2017
Senegal,2017,,Senegal_2017
Guyana,2017,,Guyana_2017
Cameroon,2017,,Cameroon_2017
Dominica,2017,,Dominica_2017
Curaçao,2017,,Curaçao_2017
Canada,2017,16,Canada_2017
Kenya,2017,16,Kenya_2017
Côte d'Ivoire,2017,,Côte d'Ivoire_2017
Cape Verde,2017,,Cape Verde_2017
Brunei,2017,,Brunei_2017
Martinique,2017,,Martinique_2017
Suriname,2017,,Suriname_2017
Gambia,2017,,Gambia_2017
Guadeloupe,2017,,Guadeloupe_2017
Denmark,2017,13,Denmark_2017
Uganda,2017,,Uganda_2017
Rwanda,2017,,Rwanda_2017
Mayotte,2017,,Mayotte_2017
New Zealand,2017,11,New Zealand_2017
Tanzania,2017,,Tanzania_2017
Australia,2017,11,Australia_2017
Liberia,2017,,Liberia_2017
North Macedonia,2017,,North Macedonia_2017
Mali,2017,,Mali_2017
Faroe Islands,2017,,Faroe Islands_2017
Norway,2017,10,Norway_2017
Jersey,2017,,Jersey_2017
United Kingdom,2017,9,United Kingdom_2017
Puerto Rico,2017,,Puerto Rico_2017
Guinea,2017,,Guinea_2017
Albania,2017,,Albania_2017
Panama,2017,,Panama_2017
Niger,2017,,Niger_2017
Congo - Kinshasa,2017,,Congo - Kinshasa_2017
South Sudan,2017,,South Sudan_2017
Malta,2017,,Malta_2017
Maldives,2017,,Maldives_2017
Ireland,2017,8,Ireland_2017
Mauritania,2017,,Mauritania_2017
Philippines,2017,7,Philippines_2017
Madagascar,2017,,Madagascar_2017
French Guiana,2017,,French Guiana_2017
Kosovo,2017,,Kosovo_2017
Bahrain,2017,,Bahrain_2017
Switzerland,2017,7,Switzerland_2017
Luxembourg,2017,,Luxembourg_2017
Sweden,2017,7,Sweden_2017
United Arab Emirates,2017,7,United Arab Emirates_2017
Sierra Leone,2017,,Sierra Leone_2017
Portugal,2017,6,Portugal_2017
Costa Rica,2017,,Costa Rica_2017
Lebanon,2017,,Lebanon_2017
Ethiopia,2017,,Ethiopia_2017
Papua New Guinea,2017,,Papua New Guinea_2017
Mauritius,2017,,Mauritius_2017
Dominican Republic,2017,6,Dominican Republic_2017
Finland,2017,6,Finland_2017
Bhutan,2017,,Bhutan_2017
Cyprus,2017,,Cyprus_2017
Honduras,2017,,Honduras_2017
Netherlands,2017,5,Netherlands_2017
Mongolia,2017,,Mongolia_2017
France,2017,5,France_2017
Qatar,2017,,Qatar_2017
Fiji,2017,,Fiji_2017
Croatia,2017,5,Croatia_2017
Slovenia,2017,,Slovenia_2017
Estonia,2017,,Estonia_2017
Burkina Faso,2017,,Burkina Faso_2017
Burundi,2017,,Burundi_2017
Réunion,2017,,Réunion_2017
Singapore,2017,4,Singapore_2017
Greece,2017,4,Greece_2017
Serbia,2017,4,Serbia_2017
Montenegro,2017,,Montenegro_2017
Belgium,2017,4,Belgium_2017
Nicaragua,2017,,Nicaragua_2017
Latvia,2017,,Latvia_2017
Cuba,2017,,Cuba_2017
Kuwait,2017,,Kuwait_2017
Germany,2017,4,Germany_2017
Bulgaria,2017,4,Bulgaria_2017
Chile,2017,4,Chile_2017
Romania,2017,4,Romania_2017
Sudan,2017,,Sudan_2017
El Salvador,2017,,El Salvador_2017
Bosnia & Herzegovina,2017,,Bosnia & Herzegovina_2017
Mexico,2017,3,Mexico_2017
Tunisia,2017,,Tunisia_2017
Morocco,2017,3,Morocco_2017
Guatemala,2017,,Guatemala_2017
Myanmar (Burma),2017,,Myanmar (Burma)_2017
Israel,2017,3,Israel_2017
Slovakia,2017,,Slovakia_2017
Malaysia,2017,3,Malaysia_2017
Venezuela,2017,3,Venezuela_2017
Turkmenistan,2017,,Turkmenistan_2017
Poland,2017,3,Poland_2017
St. Helena,2017,,St. Helena_2017
Austria,2017,3,Austria_2017
Italy,2017,3,Italy_2017
French Polynesia,2017,,French Polynesia_2017
Uzbekistan,2017,,Uzbekistan_2017
Colombia,2017,3,Colombia_2017
Georgia,2017,,Georgia_2017
China,2017,,China_2017
Oman,2017,,Oman_2017
Saudi Arabia,2017,3,Saudi Arabia_2017
Hungary,2017,2,Hungary_2017
Spain,2017,2,Spain_2017
Somalia,2017,,Somalia_2017
Moldova,2017,,Moldova_2017
Lithuania,2017,,Lithuania_2017
Kazakhstan,2017,,Kazakhstan_2017
Indonesia,2017,2,Indonesia_2017
Paraguay,2017,,Paraguay_2017
Nepal,2017,,Nepal_2017
Kyrgyzstan,2017,,Kyrgyzstan_2017
Palestine,2017,,Palestine_2017
Armenia,2017,,Armenia_2017
Russia,2017,2,Russia_2017
Algeria,2017,,Algeria_2017
Libya,2017,,Libya_2017
Brazil,2017,2,Brazil_2017
Bolivia,2017,,Bolivia_2017
South Korea,2017,2,South Korea_2017
Ecuador,2017,,Ecuador_2017
Hong Kong,2017,,Hong Kong_2017
Tajikistan,2017,,Tajikistan_2017
Peru,2017,2,Peru_2017
Belarus,2017,,Belarus_2017
Ukraine,2017,1,Ukraine_2017
Pakistan,2017,1,Pakistan_2017
Jordan,2017,,Jordan_2017
Czech Republic,2017,,Czech Republic_2017
Macao,2017,,Macao_2017
Sri Lanka,2017,,Sri Lanka_2017
Uruguay,2017,,Uruguay_2017
Argentina,2017,1,Argentina_2017
Azerbaijan,2017,,Azerbaijan_2017
Bangladesh,2017,,Bangladesh_2017
Cambodia,2017,,Cambodia_2017
Egypt,2017,,Egypt_2017
Türkiye,2017,1,Türkiye_2017
India,2017,,India_2017
Thailand,2017,,Thailand_2017
Laos,2017,,Laos_2017
Iraq,2017,,Iraq_2017
Iran,2017,,Iran_2017
Taiwan,2017,,Taiwan_2017
Japan,2017,,Japan_2017
Yemen,2017,,Yemen_2017
Syria,2017,,Syria_2017
Vietnam,2017,,Vietnam_2017
Greenland,2017,,Greenland_2017
Heard & McDonald Islands,2017,,Heard & McDonald Islands_2017
St. Martin,2017,,St. Martin_2017
Svalbard & Jan Mayen,2017,,Svalbard & Jan Mayen_2017
Monaco,2017,,Monaco_2017
St. Barthélemy,2017,,St. Barthélemy_2017
Micronesia,2017,,Micronesia_2017
San Marino,2017,,San Marino_2017
Liechtenstein,2017,,Liechtenstein_2017
St. Pierre & Miquelon,2017,,St. Pierre & Miquelon_2017
Marshall Islands,2017,,Marshall Islands_2017
Christmas Island,2017,,Christmas Island_2017
São Tomé & Príncipe,2017,,São Tomé & Príncipe_2017
Falkland Islands (Islas Malvinas),2017,,Falkland Islands (Islas Malvinas)_2017
Kiribati,2017,,Kiribati_2017
Northern Mariana Islands,2017,,Northern Mariana Islands_2017
Comoros,2017,,Comoros_2017
Montserrat,2017,,Montserrat_2017
Guernsey,2017,,Guernsey_2017
Cook Islands,2017,,Cook Islands_2017
French Southern Territories,2017,,French Southern Territories_2017
Andorra,2017,,Andorra_2017
Chad,2017,,Chad_2017
Western Sahara,2017,,Western Sahara_2017
Antarctica,2017,,Antarctica_2017
New Caledonia,2017,,New Caledonia_2017
Tokelau,2017,,Tokelau_2017
Gibraltar,2017,,Gibraltar_2017
Timor-Leste,2017,,Timor-Leste_2017
Tonga,2017,,Tonga_2017
Caribbean Netherlands,2017,,Caribbean Netherlands_2017
Guinea-Bissau,2017,,Guinea-Bissau_2017
Eritrea,2017,,Eritrea_2017
Tuvalu,2017,,Tuvalu_2017
Norfolk Island,2017,,Norfolk Island_2017
Cocos (Keeling) Islands,2017,,Cocos (Keeling) Islands_2017
Central African Republic,2017,,Central African Republic_2017
North Korea,2017,,North Korea_2017
U.S. Outlying Islands,2017,,U.S. Outlying Islands_2017
Djibouti,2017,,Djibouti_2017
Åland Islands,2017,,Åland Islands_2017
American Samoa,2017,,American Samoa_2017
Vatican City,2017,,Vatican City_2017
British Indian Ocean Territory,2017,,British Indian Ocean Territory_2017
Niue,2017,,Niue_2017
Anguilla,2017,,Anguilla_2017
Bouvet Island,2017,,Bouvet Island_2017
Palau,2017,,Palau_2017
Vanuatu,2017,,Vanuatu_2017
Wallis & Futuna,2017,,Wallis & Futuna_2017
Samoa,2017,,Samoa_2017
Isle of Man,2017,,Isle of Man_2017
Nauru,2017,,Nauru_2017
Pitcairn Islands,2017,,Pitcairn Islands_2017
Afghanistan,2017,,Afghanistan_2017
South Georgia & South Sandwich Islands,2017,,South Georgia & South Sandwich Islands_2017
Mozambique,2018,100,Mozambique_2018
Zambia,2018,90,Zambia_2018
Eswatini,2018,,Eswatini_2018
Angola,2018,73,Angola_2018
Botswana,2018,,Botswana_2018
Lesotho,2018,,Lesotho_2018
Gabon,2018,,Gabon_2018
Namibia,2018,,Namibia_2018
South Africa,2018,46,South Africa_2018
Malawi,2018,,Malawi_2018
Zimbabwe,2018,,Zimbabwe_2018
Grenada,2018,,Grenada_2018
Bahamas,2018,,Bahamas_2018
Antigua & Barbuda,2018,,Antigua & Barbuda_2018
Bermuda,2018,,Bermuda_2018
Nigeria,2018,35,Nigeria_2018
St. Kitts & Nevis,2018,,St. Kitts & Nevis_2018
United States,2018,33,United States_2018
St. Lucia,2018,,St. Lucia_2018
Ghana,2018,31,Ghana_2018
Jamaica,2018,,Jamaica_2018
Equatorial Guinea,2018,,Equatorial Guinea_2018
Turks & Caicos Islands,2018,,Turks & Caicos Islands_2018
Aruba,2018,,Aruba_2018
Barbados,2018,,Barbados_2018
Seychelles,2018,,Seychelles_2018
Trinidad & Tobago,2018,,Trinidad & Tobago_2018
U.S. Virgin Islands,2018,,U.S. Virgin Islands_2018
Cayman Islands,2018,,Cayman Islands_2018
Guyana,2018,,Guyana_2018
Iceland,2018,,Iceland_2018
Belize,2018,,Belize_2018
Dominica,2018,,Dominica_2018
Benin,2018,,Benin_2018
Canada,2018,23,Canada_2018
St. Vincent & Grenadines,2018,,St. Vincent & Grenadines_2018
Congo - Brazzaville,2018,,Congo - Brazzaville_2018
Haiti,2018,,Haiti_2018
Guam,2018,,Guam_2018
Senegal,2018,,Senegal_2018
Caribbean Netherlands,2018,,Caribbean Netherlands_2018
Suriname,2018,,Suriname_2018
New Zealand,2018,17,New Zealand_2018
Cameroon,2018,,Cameroon_2018
Australia,2018,16,Australia_2018
Curaçao,2018,,Curaçao_2018
Togo,2018,,Togo_2018
Gambia,2018,,Gambia_2018
Sint Maarten,2018,,Sint Maarten_2018
Maldives,2018,,Maldives_2018
Kenya,2018,15,Kenya_2018
Brunei,2018,,Brunei_2018
Côte d'Ivoire,2018,,Côte d'Ivoire_2018
Norway,2018,15,Norway_2018
Denmark,2018,15,Denmark_2018
Faroe Islands,2018,,Faroe Islands_2018
Northern Mariana Islands,2018,,Northern Mariana Islands_2018
Uganda,2018,,Uganda_2018
North Macedonia,2018,,North Macedonia_2018
Cape Verde,2018,,Cape Verde_2018
Guadeloupe,2018,,Guadeloupe_2018
Puerto Rico,2018,,Puerto Rico_2018
Rwanda,2018,,Rwanda_2018
Tanzania,2018,,Tanzania_2018
Jersey,2018,,Jersey_2018
Kosovo,2018,,Kosovo_2018
Martinique,2018,,Martinique_2018
Ireland,2018,12,Ireland_2018
Sierra Leone,2018,,Sierra Leone_2018
Mali,2018,,Mali_2018
United Kingdom,2018,11,United Kingdom_2018
Portugal,2018,11,Portugal_2018
Liberia,2018,,Liberia_2018
Niger,2018,,Niger_2018
Albania,2018,,Albania_2018
Sweden,2018,11,Sweden_2018
French Guiana,2018,,French Guiana_2018
Burundi,2018,,Burundi_2018
Congo - Kinshasa,2018,,Congo - Kinshasa_2018
Gibraltar,2018,,Gibraltar_2018
Guinea,2018,,Guinea_2018
Malta,2018,,Malta_2018
Lebanon,2018,,Lebanon_2018
Panama,2018,,Panama_2018
Papua New Guinea,2018,,Papua New Guinea_2018
United Arab Emirates,2018,9,United Arab Emirates_2018
Fiji,2018,,Fiji_2018
Mongolia,2018,,Mongolia_2018
Mauritius,2018,,Mauritius_2018
Cuba,2018,,Cuba_2018
Costa Rica,2018,,Costa Rica_2018
Ethiopia,2018,,Ethiopia_2018
Djibouti,2018,,Djibouti_2018
Cyprus,2018,,Cyprus_2018
Switzerland,2018,7,Switzerland_2018
Finland,2018,7,Finland_2018
Madagascar,2018,,Madagascar_2018
Montenegro,2018,,Montenegro_2018
Philippines,2018,7,Philippines_2018
Luxembourg,2018,,Luxembourg_2018
Bahrain,2018,,Bahrain_2018
Honduras,2018,,Honduras_2018
Mauritania,2018,,Mauritania_2018
Singapore,2018,7,Singapore_2018
Qatar,2018,,Qatar_2018
Burkina Faso,2018,,Burkina Faso_2018
Réunion,2018,,Réunion_2018
Slovenia,2018,,Slovenia_2018
Dominican Republic,2018,,Dominican Republic_2018
Croatia,2018,6,Croatia_2018
France,2018,6,France_2018
Serbia,2018,6,Serbia_2018
Belgium,2018,6,Belgium_2018
Netherlands,2018,6,Netherlands_2018
Guernsey,2018,,Guernsey_2018
Estonia,2018,,Estonia_2018
El Salvador,2018,,El Salvador_2018
Nicaragua,2018,,Nicaragua_2018
Kuwait,2018,,Kuwait_2018
Italy,2018,5,Italy_2018
Latvia,2018,,Latvia_2018
Mexico,2018,5,Mexico_2018
Bulgaria,2018,5,Bulgaria_2018
Bosnia & Herzegovina,2018,,Bosnia & Herzegovina_2018
Romania,2018,5,Romania_2018
Greece,2018,5,Greece_2018
French Polynesia,2018,,French Polynesia_2018
Germany,2018,5,Germany_2018
Sudan,2018,,Sudan_2018
Turkmenistan,2018,,Turkmenistan_2018
Isle of Man,2018,,Isle of Man_2018
Tunisia,2018,,Tunisia_2018
Kazakhstan,2018,4,Kazakhstan_2018
Morocco,2018,4,Morocco_2018
Guatemala,2018,,Guatemala_2018
Austria,2018,4,Austria_2018
St. Helena,2018,,St. Helena_2018
Poland,2018,4,Poland_2018
Bhutan,2018,,Bhutan_2018
Slovakia,2018,,Slovakia_2018
Myanmar (Burma),2018,,Myanmar (Burma)_2018
Georgia,2018,,Georgia_2018
Chile,2018,4,Chile_2018
Uzbekistan,2018,,Uzbekistan_2018
Israel,2018,4,Israel_2018
Armenia,2018,,Armenia_2018
Oman,2018,,Oman_2018
Kyrgyzstan,2018,,Kyrgyzstan_2018
Hungary,2018,4,Hungary_2018
Paraguay,2018,,Paraguay_2018
New Caledonia,2018,,New Caledonia_2018
Nepal,2018,,Nepal_2018
Malaysia,2018,4,Malaysia_2018
China,2018,,China_2018
Colombia,2018,4,Colombia_2018
Moldova,2018,,Moldova_2018
Somalia,2018,,Somalia_2018
Venezuela,2018,3,Venezuela_2018
Spain,2018,3,Spain_2018
Hong Kong,2018,,Hong Kong_2018
Lithuania,2018,,Lithuania_2018
Russia,2018,3,Russia_2018
Brazil,2018,3,Brazil_2018
Macao,2018,,Macao_2018
Czech Republic,2018,3,Czech Republic_2018
Saudi Arabia,2018,3,Saudi Arabia_2018
Cambodia,2018,,Cambodia_2018
Belarus,2018,,Belarus_2018
Ecuador,2018,,Ecuador_2018
South Korea,2018,3,South Korea_2018
Jordan,2018,,Jordan_2018
Azerbaijan,2018,,Azerbaijan_2018
Ukraine,2018,3,Ukraine_2018
Bolivia,2018,,Bolivia_2018
Algeria,2018,,Algeria_2018
Peru,2018,2,Peru_2018
Sri Lanka,2018,,Sri Lanka_2018
Indonesia,2018,2,Indonesia_2018
Libya,2018,,Libya_2018
Tajikistan,2018,,Tajikistan_2018
Uruguay,2018,,Uruguay_2018
Pakistan,2018,2,Pakistan_2018
Laos,2018,,Laos_2018
Argentina,2018,2,Argentina_2018
Bangladesh,2018,,Bangladesh_2018
Türkiye,2018,2,Türkiye_2018
Egypt,2018,,Egypt_2018
Palestine,2018,,Palestine_2018
Thailand,2018,1,Thailand_2018
India,2018,1,India_2018
Iraq,2018,,Iraq_2018
Iran,2018,,Iran_2018
Afghanistan,2018,,Afghanistan_2018
Syria,2018,,Syria_2018
Taiwan,2018,,Taiwan_2018
Vietnam,2018,,Vietnam_2018
Japan,2018,,Japan_2018
Yemen,2018,,Yemen_2018
British Indian Ocean Territory,2018,,British Indian Ocean Territory_2018
Guinea-Bissau,2018,,Guinea-Bissau_2018
Christmas Island,2018,,Christmas Island_2018
San Marino,2018,,San Marino_2018
Marshall Islands,2018,,Marshall Islands_2018
St. Pierre & Miquelon,2018,,St. Pierre & Miquelon_2018
Comoros,2018,,Comoros_2018
South Sudan,2018,,South Sudan_2018
São Tomé & Príncipe,2018,,São Tomé & Príncipe_2018
Heard & McDonald Islands,2018,,Heard & McDonald Islands_2018
Solomon Islands,2018,,Solomon Islands_2018
Cook Islands,2018,,Cook Islands_2018
Norfolk Island,2018,,Norfolk Island_2018
Kiribati,2018,,Kiribati_2018
Cocos (Keeling) Islands,2018,,Cocos (Keeling) Islands_2018
Central African Republic,2018,,Central African Republic_2018
Svalbard & Jan Mayen,2018,,Svalbard & Jan Mayen_2018
Åland Islands,2018,,Åland Islands_2018
Chad,2018,,Chad_2018
Bouvet Island,2018,,Bouvet Island_2018
Western Sahara,2018,,Western Sahara_2018
North Korea,2018,,North Korea_2018
Tokelau,2018,,Tokelau_2018
American Samoa,2018,,American Samoa_2018
Timor-Leste,2018,,Timor-Leste_2018
Tonga,2018,,Tonga_2018
Andorra,2018,,Andorra_2018
Liechtenstein,2018,,Liechtenstein_2018
Niue,2018,,Niue_2018
Tuvalu,2018,,Tuvalu_2018
Mayotte,2018,,Mayotte_2018
Antarctica,2018,,Antarctica_2018
Falkland Islands (Islas Malvinas),2018,,Falkland Islands (Islas Malvinas)_2018
Palau,2018,,Palau_2018
U.S. Outlying Islands,2018,,U.S. Outlying Islands_2018
Micronesia,2018,,Micronesia_2018
Anguilla,2018,,Anguilla_2018
Pitcairn Islands,2018,,Pitcairn Islands_2018
Vatican City,2018,,Vatican City_2018
Greenland,2018,,Greenland_2018
Nauru,2018,,Nauru_2018
British Virgin Islands,2018,,British Virgin Islands_2018
French Southern Territories,2018,,French Southern Territories_2018
South Georgia & South Sandwich Islands,2018,,South Georgia & South Sandwich Islands_2018
Vanuatu,2018,,Vanuatu_2018
Wallis & Futuna,2018,,Wallis & Futuna_2018
Samoa,2018,,Samoa_2018
St. Barthélemy,2018,,St. Barthélemy_2018
Montserrat,2018,,Montserrat_2018
Monaco,2018,,Monaco_2018
St. Martin,2018,,St. Martin_2018
Eritrea,2018,,Eritrea_2018
Mozambique,2019,100,Mozambique_2019
Zambia,2019,77,Zambia_2019
Eswatini,2019,,Eswatini_2019
Angola,2019,75,Angola_2019
Botswana,2019,,Botswana_2019
Malawi,2019,,Malawi_2019
Lesotho,2019,,Lesotho_2019
South Africa,2019,42,South Africa_2019
Equatorial Guinea,2019,,Equatorial Guinea_2019
Nigeria,2019,40,Nigeria_2019
Gabon,2019,,Gabon_2019
Zimbabwe,2019,,Zimbabwe_2019
Namibia,2019,,Namibia_2019
Seychelles,2019,,Seychelles_2019
United States,2019,25,United States_2019
Ghana,2019,24,Ghana_2019
Turks & Caicos Islands,2019,,Turks & Caicos Islands_2019
St. Barthélemy,2019,,St. Barthélemy_2019
Iceland,2019,,Iceland_2019
Congo - Brazzaville,2019,,Congo - Brazzaville_2019
Grenada,2019,,Grenada_2019
St. Lucia,2019,,St. Lucia_2019
Benin,2019,,Benin_2019
Canada,2019,19,Canada_2019
Jamaica,2019,,Jamaica_2019
Barbados,2019,,Barbados_2019
St. Kitts & Nevis,2019,,St. Kitts & Nevis_2019
Cape Verde,2019,,Cape Verde_2019
Bermuda,2019,,Bermuda_2019
Haiti,2019,,Haiti_2019
Aruba,2019,,Aruba_2019
Gibraltar,2019,,Gibraltar_2019
St. Vincent & Grenadines,2019,,St. Vincent & Grenadines_2019
Cameroon,2019,,Cameroon_2019
Bahamas,2019,,Bahamas_2019
U.S. Virgin Islands,2019,,U.S. Virgin Islands_2019
Sint Maarten,2019,,Sint Maarten_2019
Guyana,2019,,Guyana_2019
Faroe Islands,2019,,Faroe Islands_2019
Guadeloupe,2019,,Guadeloupe_2019
Trinidad & Tobago,2019,,Trinidad & Tobago_2019
Senegal,2019,,Senegal_2019
Norway,2019,15,Norway_2019
Togo,2019,,Togo_2019
Denmark,2019,14,Denmark_2019
Cayman Islands,2019,,Cayman Islands_2019
Australia,2019,14,Australia_2019
Guam,2019,,Guam_2019
Gambia,2019,,Gambia_2019
Kenya,2019,13,Kenya_2019
Kosovo,2019,,Kosovo_2019
Uganda,2019,,Uganda_2019
Belize,2019,,Belize_2019
Maldives,2019,,Maldives_2019
Tanzania,2019,,Tanzania_2019
United Arab Emirates,2019,12,United Arab Emirates_2019
New Zealand,2019,12,New Zealand_2019
Curaçao,2019,,Curaçao_2019
Liberia,2019,,Liberia_2019
Côte d'Ivoire,2019,,Côte d'Ivoire_2019
Puerto Rico,2019,,Puerto Rico_2019
Antigua & Barbuda,2019,,Antigua & Barbuda_2019
Northern Mariana Islands,2019,,Northern Mariana Islands_2019
Mali,2019,,Mali_2019
Rwanda,2019,,Rwanda_2019
North Macedonia,2019,,North Macedonia_2019
Martinique,2019,,Martinique_2019
Brunei,2019,,Brunei_2019
Burundi,2019,,Burundi_2019
Guinea,2019,,Guinea_2019
Sierra Leone,2019,,Sierra Leone_2019
Albania,2019,,Albania_2019
Portugal,2019,10,Portugal_2019
Congo - Kinshasa,2019,,Congo - Kinshasa_2019
United Kingdom,2019,10,United Kingdom_2019
Djibouti,2019,,Djibouti_2019
Sweden,2019,10,Sweden_2019
Bahrain,2019,,Bahrain_2019
Suriname,2019,,Suriname_2019
Lebanon,2019,,Lebanon_2019
Jersey,2019,,Jersey_2019
Switzerland,2019,9,Switzerland_2019
Mongolia,2019,,Mongolia_2019
Costa Rica,2019,9,Costa Rica_2019
South Sudan,2019,,South Sudan_2019
Luxembourg,2019,,Luxembourg_2019
Malta,2019,,Malta_2019
Panama,2019,,Panama_2019
Ireland,2019,8,Ireland_2019
Isle of Man,2019,,Isle of Man_2019
Mayotte,2019,,Mayotte_2019
Ethiopia,2019,,Ethiopia_2019
French Guiana,2019,,French Guiana_2019
Italy,2019,7,Italy_2019
Mexico,2019,7,Mexico_2019
Finland,2019,7,Finland_2019
Romania,2019,7,Romania_2019
Cuba,2019,,Cuba_2019
Morocco,2019,7,Morocco_2019
Singapore,2019,7,Singapore_2019
Fiji,2019,,Fiji_2019
Cyprus,2019,,Cyprus_2019
Papua New Guinea,2019,,Papua New Guinea_2019
Guernsey,2019,,Guernsey_2019
Philippines,2019,6,Philippines_2019
Niger,2019,,Niger_2019
Bhutan,2019,,Bhutan_2019
France,2019,6,France_2019
Qatar,2019,,Qatar_2019
Germany,2019,6,Germany_2019
Netherlands,2019,6,Netherlands_2019
Madagascar,2019,,Madagascar_2019
Mauritius,2019,,Mauritius_2019
Chile,2019,6,Chile_2019
Croatia,2019,6,Croatia_2019
Mauritania,2019,,Mauritania_2019
Estonia,2019,,Estonia_2019
Honduras,2019,,Honduras_2019
Belgium,2019,6,Belgium_2019
El Salvador,2019,,El Salvador_2019
Latvia,2019,,Latvia_2019
St. Helena,2019,,St. Helena_2019
Poland,2019,5,Poland_2019
Greece,2019,5,Greece_2019
Réunion,2019,,Réunion_2019
Slovenia,2019,,Slovenia_2019
Serbia,2019,5,Serbia_2019
Kazakhstan,2019,5,Kazakhstan_2019
Myanmar (Burma),2019,,Myanmar (Burma)_2019
Austria,2019,5,Austria_2019
Slovakia,2019,5,Slovakia_2019
Dominican Republic,2019,,Dominican Republic_2019
Nicaragua,2019,,Nicaragua_2019
Montenegro,2019,,Montenegro_2019
Israel,2019,5,Israel_2019
Kuwait,2019,,Kuwait_2019
Macao,2019,,Macao_2019
Turkmenistan,2019,,Turkmenistan_2019
China,2019,,China_2019
Burkina Faso,2019,,Burkina Faso_2019
Brazil,2019,5,Brazil_2019
Georgia,2019,,Georgia_2019
Kyrgyzstan,2019,,Kyrgyzstan_2019
Hungary,2019,5,Hungary_2019
Czech Republic,2019,5,Czech Republic_2019
Timor-Leste,2019,,Timor-Leste_2019
Hong Kong,2019,4,Hong Kong_2019
Malaysia,2019,4,Malaysia_2019
Guatemala,2019,,Guatemala_2019
Sudan,2019,,Sudan_2019
Russia,2019,4,Russia_2019
Tunisia,2019,,Tunisia_2019
Bulgaria,2019,4,Bulgaria_2019
Armenia,2019,,Armenia_2019
Bosnia & Herzegovina,2019,,Bosnia & Herzegovina_2019
Spain,2019,4,Spain_2019
Nepal,2019,,Nepal_2019
Paraguay,2019,,Paraguay_2019
Uzbekistan,2019,,Uzbekistan_2019
Moldova,2019,,Moldova_2019
Tajikistan,2019,,Tajikistan_2019
Oman,2019,,Oman_2019
Ukraine,2019,3,Ukraine_2019
South Korea,2019,3,South Korea_2019
Azerbaijan,2019,,Azerbaijan_2019
Colombia,2019,3,Colombia_2019
Argentina,2019,3,Argentina_2019
Andorra,2019,,Andorra_2019
Lithuania,2019,,Lithuania_2019
Belarus,2019,,Belarus_2019
Saudi Arabia,2019,3,Saudi Arabia_2019
Somalia,2019,,Somalia_2019
Cambodia,2019,,Cambodia_2019
Venezuela,2019,3,Venezuela_2019
Jordan,2019,,Jordan_2019
Peru,2019,2,Peru_2019
Libya,2019,,Libya_2019
Ecuador,2019,,Ecuador_2019
Türkiye,2019,2,Türkiye_2019
Algeria,2019,,Algeria_2019
French Polynesia,2019,,French Polynesia_2019
Bolivia,2019,,Bolivia_2019
Indonesia,2019,2,Indonesia_2019
New Caledonia,2019,,New Caledonia_2019
Egypt,2019,2,Egypt_2019
Afghanistan,2019,,Afghanistan_2019
Uruguay,2019,,Uruguay_2019
Laos,2019,,Laos_2019
Pakistan,2019,2,Pakistan_2019
Sri Lanka,2019,,Sri Lanka_2019
Bangladesh,2019,,Bangladesh_2019
Thailand,2019,1,Thailand_2019
Taiwan,2019,1,Taiwan_2019
Japan,2019,1,Japan_2019
Palestine,2019,,Palestine_2019
Iran,2019,1,Iran_2019
India,2019,1,India_2019
Iraq,2019,,Iraq_2019
Vietnam,2019,1,Vietnam_2019
Syria,2019,,Syria_2019
Svalbard & Jan Mayen,2019,,Svalbard & Jan Mayen_2019
North Korea,2019,,North Korea_2019
Greenland,2019,,Greenland_2019
St. Pierre & Miquelon,2019,,St. Pierre & Miquelon_2019
Heard & McDonald Islands,2019,,Heard & McDonald Islands_2019
Marshall Islands,2019,,Marshall Islands_2019
São Tomé & Príncipe,2019,,São Tomé & Príncipe_2019
Christmas Island,2019,,Christmas Island_2019
Monaco,2019,,Monaco_2019
Montserrat,2019,,Montserrat_2019
Comoros,2019,,Comoros_2019
St. Martin,2019,,St. Martin_2019
South Georgia & South Sandwich Islands,2019,,South Georgia & South Sandwich Islands_2019
Cook Islands,2019,,Cook Islands_2019
American Samoa,2019,,American Samoa_2019
Åland Islands,2019,,Åland Islands_2019
Chad,2019,,Chad_2019
Antarctica,2019,,Antarctica_2019
Caribbean Netherlands,2019,,Caribbean Netherlands_2019
Norfolk Island,2019,,Norfolk Island_2019
Tokelau,2019,,Tokelau_2019
Liechtenstein,2019,,Liechtenstein_2019
French Southern Territories,2019,,French Southern Territories_2019
Tonga,2019,,Tonga_2019
Guinea-Bissau,2019,,Guinea-Bissau_2019
Niue,2019,,Niue_2019
Eritrea,2019,,Eritrea_2019
Tuvalu,2019,,Tuvalu_2019
Nauru,2019,,Nauru_2019
Cocos (Keeling) Islands,2019,,Cocos (Keeling) Islands_2019
British Indian Ocean Territory,2019,,British Indian Ocean Territory_2019
Micronesia,2019,,Micronesia_2019
U.S. Outlying Islands,2019,,U.S. Outlying Islands_2019
Pitcairn Islands,2019,,Pitcairn Islands_2019
Anguilla,2019,,Anguilla_2019
Kiribati,2019,,Kiribati_2019
Vatican City,2019,,Vatican City_2019
Central African Republic,2019,,Central African Republic_2019
Dominica,2019,,Dominica_2019
British Virgin Islands,2019,,British Virgin Islands_2019
Palau,2019,,Palau_2019
Solomon Islands,2019,,Solomon Islands_2019
Vanuatu,2019,,Vanuatu_2019
Wallis & Futuna,2019,,Wallis & Futuna_2019
Samoa,2019,,Samoa_2019
Bouvet Island,2019,,Bouvet Island_2019
Yemen,2019,,Yemen_2019
Western Sahara,2019,,Western Sahara_2019
Falkland Islands (Islas Malvinas),2019,,Falkland Islands (Islas Malvinas)_2019
San Marino,2019,,San Marino_2019
Mozambique,2020,100,Mozambique_2020
Zambia,2020,81,Zambia_2020
Eswatini,2020,,Eswatini_2020
Angola,2020,76,Angola_2020
Equatorial Guinea,2020,,Equatorial Guinea_2020
Malawi,2020,,Malawi_2020
Botswana,2020,,Botswana_2020
Gabon,2020,,Gabon_2020
Zimbabwe,2020,,Zimbabwe_2020
South Africa,2020,41,South Africa_2020
Northern Mariana Islands,2020,,Northern Mariana Islands_2020
Nigeria,2020,37,Nigeria_2020
Lesotho,2020,,Lesotho_2020
Guam,2020,,Guam_2020
Iceland,2020,,Iceland_2020
Seychelles,2020,,Seychelles_2020
Congo - Brazzaville,2020,,Congo - Brazzaville_2020
United States,2020,29,United States_2020
Ghana,2020,28,Ghana_2020
St. Kitts & Nevis,2020,,St. Kitts & Nevis_2020
Grenada,2020,,Grenada_2020
Puerto Rico,2020,27,Puerto Rico_2020
Namibia,2020,,Namibia_2020
Guadeloupe,2020,,Guadeloupe_2020
Togo,2020,,Togo_2020
U.S. Virgin Islands,2020,,U.S. Virgin Islands_2020
Aruba,2020,,Aruba_2020
Mayotte,2020,,Mayotte_2020
Cape Verde,2020,,Cape Verde_2020
Portugal,2020,24,Portugal_2020
Norway,2020,22,Norway_2020
Comoros,2020,,Comoros_2020
Benin,2020,,Benin_2020
Canada,2020,22,Canada_2020
Bahamas,2020,,Bahamas_2020
Greenland,2020,,Greenland_2020
Kenya,2020,21,Kenya_2020
Brunei,2020,,Brunei_2020
Costa Rica,2020,21,Costa Rica_2020
North Macedonia,2020,,North Macedonia_2020
New Zealand,2020,21,New Zealand_2020
Italy,2020,21,Italy_2020
Sint Maarten,2020,,Sint Maarten_2020
Gibraltar,2020,,Gibraltar_2020
Cameroon,2020,,Cameroon_2020
Côte d'Ivoire,2020,,Côte d'Ivoire_2020
Bermuda,2020,,Bermuda_2020
Denmark,2020,20,Denmark_2020
Australia,2020,20,Australia_2020
Cayman Islands,2020,,Cayman Islands_2020
Maldives,2020,,Maldives_2020
Senegal,2020,,Senegal_2020
Mali,2020,,Mali_2020
St. Vincent & Grenadines,2020,,St. Vincent & Grenadines_2020
Mongolia,2020,,Mongolia_2020
St. Lucia,2020,,St. Lucia_2020
Turks & Caicos Islands,2020,,Turks & Caicos Islands_2020
Rwanda,2020,,Rwanda_2020
Réunion,2020,,Réunion_2020
Guinea,2020,,Guinea_2020
Barbados,2020,,Barbados_2020
Luxembourg,2020,,Luxembourg_2020
Faroe Islands,2020,,Faroe Islands_2020
Mexico,2020,18,Mexico_2020
Kosovo,2020,,Kosovo_2020
Chile,2020,18,Chile_2020
Uganda,2020,,Uganda_2020
Lebanon,2020,,Lebanon_2020
Trinidad & Tobago,2020,,Trinidad & Tobago_2020
Bhutan,2020,,Bhutan_2020
Martinique,2020,,Martinique_2020
British Virgin Islands,2020,,British Virgin Islands_2020
Romania,2020,17,Romania_2020
Panama,2020,17,Panama_2020
South Sudan,2020,,South Sudan_2020
Albania,2020,,Albania_2020
French Guiana,2020,,French Guiana_2020
Curaçao,2020,,Curaçao_2020
Jamaica,2020,,Jamaica_2020
Malta,2020,,Malta_2020
United Arab Emirates,2020,16,United Arab Emirates_2020
Samoa,2020,,Samoa_2020
Sweden,2020,16,Sweden_2020
Belize,2020,,Belize_2020
Tanzania,2020,,Tanzania_2020
Switzerland,2020,15,Switzerland_2020
Sierra Leone,2020,,Sierra Leone_2020
France,2020,15,France_2020
Georgia,2020,,Georgia_2020
Congo - Kinshasa,2020,,Congo - Kinshasa_2020
Andorra,2020,,Andorra_2020
French Polynesia,2020,,French Polynesia_2020
Guyana,2020,,Guyana_2020
Cuba,2020,,Cuba_2020
Burundi,2020,,Burundi_2020
Gambia,2020,,Gambia_2020
Ireland,2020,14,Ireland_2020
Haiti,2020,,Haiti_2020
Bahrain,2020,,Bahrain_2020
Cyprus,2020,,Cyprus_2020
United Kingdom,2020,14,United Kingdom_2020
Liechtenstein,2020,,Liechtenstein_2020
Spain,2020,14,Spain_2020
Jersey,2020,,Jersey_2020
Antigua & Barbuda,2020,,Antigua & Barbuda_2020
Honduras,2020,,Honduras_2020
Niger,2020,,Niger_2020
Belgium,2020,13,Belgium_2020
Dominica,2020,,Dominica_2020
El Salvador,2020,,El Salvador_2020
Mauritius,2020,,Mauritius_2020
Guatemala,2020,13,Guatemala_2020
Qatar,2020,,Qatar_2020
Hungary,2020,13,Hungary_2020
Greece,2020,12,Greece_2020
Germany,2020,12,Germany_2020
Israel,2020,12,Israel_2020
St. Helena,2020,,St. Helena_2020
Estonia,2020,,Estonia_2020
Finland,2020,12,Finland_2020
Paraguay,2020,,Paraguay_2020
Åland Islands,2020,,Åland Islands_2020
Madagascar,2020,,Madagascar_2020
Suriname,2020,,Suriname_2020
Philippines,2020,12,Philippines_2020
Guernsey,2020,,Guernsey_2020
Czech Republic,2020,12,Czech Republic_2020
Colombia,2020,11,Colombia_2020
San Marino,2020,,San Marino_2020
Austria,2020,11,Austria_2020
Singapore,2020,11,Singapore_2020
Liberia,2020,,Liberia_2020
Latvia,2020,,Latvia_2020
Nicaragua,2020,,Nicaragua_2020
Ethiopia,2020,,Ethiopia_2020
Isle of Man,2020,,Isle of Man_2020
Myanmar (Burma),2020,,Myanmar (Burma)_2020
Djibouti,2020,,Djibouti_2020
Turkmenistan,2020,,Turkmenistan_2020
Mauritania,2020,,Mauritania_2020
Guinea-Bissau,2020,,Guinea-Bissau_2020
Kuwait,2020,,Kuwait_2020
Bulgaria,2020,10,Bulgaria_2020
Slovakia,2020,10,Slovakia_2020
Argentina,2020,10,Argentina_2020
Dominican Republic,2020,10,Dominican Republic_2020
Brazil,2020,10,Brazil_2020
Netherlands,2020,10,Netherlands_2020
Papua New Guinea,2020,,Papua New Guinea_2020
Slovenia,2020,,Slovenia_2020
Montenegro,2020,,Montenegro_2020
Morocco,2020,9,Morocco_2020
Lithuania,2020,,Lithuania_2020
Poland,2020,9,Poland_2020
Kazakhstan,2020,9,Kazakhstan_2020
Croatia,2020,9,Croatia_2020
Tunisia,2020,,Tunisia_2020
Russia,2020,9,Russia_2020
Bolivia,2020,,Bolivia_2020
Peru,2020,9,Peru_2020
Burkina Faso,2020,,Burkina Faso_2020
Kyrgyzstan,2020,,Kyrgyzstan_2020
Moldova,2020,,Moldova_2020
Serbia,2020,8,Serbia_2020
Bosnia & Herzegovina,2020,,Bosnia & Herzegovina_2020
New Caledonia,2020,,New Caledonia_2020
Fiji,2020,,Fiji_2020
Nepal,2020,,Nepal_2020
Venezuela,2020,8,Venezuela_2020
Armenia,2020,,Armenia_2020
Ecuador,2020,8,Ecuador_2020
Azerbaijan,2020,,Azerbaijan_2020
Macao,2020,,Macao_2020
Uruguay,2020,,Uruguay_2020
Oman,2020,,Oman_2020
Malaysia,2020,7,Malaysia_2020
Ukraine,2020,7,Ukraine_2020
Timor-Leste,2020,,Timor-Leste_2020
Türkiye,2020,6,Türkiye_2020
Sudan,2020,,Sudan_2020
Uzbekistan,2020,,Uzbekistan_2020
Saudi Arabia,2020,6,Saudi Arabia_2020
Jordan,2020,,Jordan_2020
Libya,2020,,Libya_2020
Cambodia,2020,,Cambodia_2020
Belarus,2020,6,Belarus_2020
Hong Kong,2020,6,Hong Kong_2020
China,2020,,China_2020
Tajikistan,2020,,Tajikistan_2020
Egypt,2020,5,Egypt_2020
Algeria,2020,,Algeria_2020
South Korea,2020,4,South Korea_2020
Somalia,2020,,Somalia_2020
Iran,2020,4,Iran_2020
Western Sahara,2020,,Western Sahara_2020
Indonesia,2020,3,Indonesia_2020
Palestine,2020,,Palestine_2020
Laos,2020,,Laos_2020
Bangladesh,2020,,Bangladesh_2020
Pakistan,2020,3,Pakistan_2020
Thailand,2020,3,Thailand_2020
Japan,2020,3,Japan_2020
Sri Lanka,2020,,Sri Lanka_2020
Iraq,2020,,Iraq_2020
Taiwan,2020,2,Taiwan_2020
India,2020,2,India_2020
Vietnam,2020,2,Vietnam_2020
Syria,2020,,Syria_2020
Afghanistan,2020,,Afghanistan_2020
Yemen,2020,,Yemen_2020
Marshall Islands,2020,,Marshall Islands_2020
Monaco,2020,,Monaco_2020
Solomon Islands,2020,,Solomon Islands_2020
Svalbard & Jan Mayen,2020,,Svalbard & Jan Mayen_2020
Montserrat,2020,,Montserrat_2020
British Indian Ocean Territory,2020,,British Indian Ocean Territory_2020
Chad,2020,,Chad_2020
São Tomé & Príncipe,2020,,São Tomé & Príncipe_2020
Antarctica,2020,,Antarctica_2020
South Georgia & South Sandwich Islands,2020,,South Georgia & South Sandwich Islands_2020
Tokelau,2020,,Tokelau_2020
American Samoa,2020,,American Samoa_2020
Heard & McDonald Islands,2020,,Heard & McDonald Islands_2020
Tonga,2020,,Tonga_2020
Norfolk Island,2020,,Norfolk Island_2020
Caribbean Netherlands,2020,,Caribbean Netherlands_2020
Niue,2020,,Niue_2020
Tuvalu,2020,,Tuvalu_2020
St. Martin,2020,,St. Martin_2020
Micronesia,2020,,Micronesia_2020
Falkland Islands (Islas Malvinas),2020,,Falkland Islands (Islas Malvinas)_2020
Nauru,2020,,Nauru_2020
U.S. Outlying Islands,2020,,U.S. Outlying Islands_2020
Eritrea,2020,,Eritrea_2020
Pitcairn Islands,2020,,Pitcairn Islands_2020
Palau,2020,,Palau_2020
Vatican City,2020,,Vatican City_2020
Christmas Island,2020,,Christmas Island_2020
Cook Islands,2020,,Cook Islands_2020
North Korea,2020,,North Korea_2020
Anguilla,2020,,Anguilla_2020
St. Barthélemy,2020,,St. Barthélemy_2020
Vanuatu,2020,,Vanuatu_2020
Wallis & Futuna,2020,,Wallis & Futuna_2020
Cocos (Keeling) Islands,2020,,Cocos (Keeling) Islands_2020
Central African Republic,2020,,Central African Republic_2020
St. Pierre & Miquelon,2020,,St. Pierre & Miquelon_2020
Bouvet Island,2020,,Bouvet Island_2020
French Southern Territories,2020,,French Southern Territories_2020
Kiribati,2020,,Kiribati_2020
Mozambique,2021,100,Mozambique_2021
Angola,2021,91,Angola_2021
Zambia,2021,88,Zambia_2021
Eswatini,2021,,Eswatini_2021
Equatorial Guinea,2021,,Equatorial Guinea_2021
Malawi,2021,,Malawi_2021
Zimbabwe,2021,,Zimbabwe_2021
Botswana,2021,,Botswana_2021
Seychelles,2021,,Seychelles_2021
Vanuatu,2021,,Vanuatu_2021
Lesotho,2021,,Lesotho_2021
South Africa,2021,54,South Africa_2021
United States,2021,52,United States_2021
U.S. Virgin Islands,2021,,U.S. Virgin Islands_2021
Turks & Caicos Islands,2021,,Turks & Caicos Islands_2021
Guam,2021,,Guam_2021
Gabon,2021,,Gabon_2021
St. Lucia,2021,,St. Lucia_2021
Namibia,2021,,Namibia_2021
Bhutan,2021,,Bhutan_2021
Greenland,2021,,Greenland_2021
British Virgin Islands,2021,,British Virgin Islands_2021
Cayman Islands,2021,,Cayman Islands_2021
Iceland,2021,,Iceland_2021
Puerto Rico,2021,40,Puerto Rico_2021
Northern Mariana Islands,2021,,Northern Mariana Islands_2021
Canada,2021,40,Canada_2021
Trinidad & Tobago,2021,,Trinidad & Tobago_2021
Bahamas,2021,,Bahamas_2021
Belize,2021,,Belize_2021
San Marino,2021,,San Marino_2021
Antigua & Barbuda,2021,,Antigua & Barbuda_2021
Cape Verde,2021,,Cape Verde_2021
Barbados,2021,,Barbados_2021
Congo - Brazzaville,2021,,Congo - Brazzaville_2021
Faroe Islands,2021,,Faroe Islands_2021
Togo,2021,,Togo_2021
Maldives,2021,,Maldives_2021
Australia,2021,34,Australia_2021
Mayotte,2021,,Mayotte_2021
Gibraltar,2021,,Gibraltar_2021
Curaçao,2021,,Curaçao_2021
Senegal,2021,,Senegal_2021
Nigeria,2021,33,Nigeria_2021
Burundi,2021,,Burundi_2021
Guyana,2021,,Guyana_2021
St. Vincent & Grenadines,2021,,St. Vincent & Grenadines_2021
Brunei,2021,,Brunei_2021
New Zealand,2021,32,New Zealand_2021
Aruba,2021,,Aruba_2021
Sint Maarten,2021,,Sint Maarten_2021
Jamaica,2021,,Jamaica_2021
Martinique,2021,,Martinique_2021
St. Kitts & Nevis,2021,,St. Kitts & Nevis_2021
Grenada,2021,,Grenada_2021
Guadeloupe,2021,,Guadeloupe_2021
Bermuda,2021,,Bermuda_2021
Dominica,2021,,Dominica_2021
Portugal,2021,29,Portugal_2021
Norway,2021,29,Norway_2021
Ghana,2021,29,Ghana_2021
Caribbean Netherlands,2021,,Caribbean Netherlands_2021
United Kingdom,2021,28,United Kingdom_2021
Rwanda,2021,,Rwanda_2021
Côte d'Ivoire,2021,,Côte d'Ivoire_2021
North Macedonia,2021,,North Macedonia_2021
Guinea-Bissau,2021,,Guinea-Bissau_2021
Guernsey,2021,,Guernsey_2021
Costa Rica,2021,26,Costa Rica_2021
Suriname,2021,,Suriname_2021
Luxembourg,2021,,Luxembourg_2021
Italy,2021,26,Italy_2021
Ireland,2021,26,Ireland_2021
Réunion,2021,,Réunion_2021
Kosovo,2021,,Kosovo_2021
Benin,2021,,Benin_2021
Denmark,2021,25,Denmark_2021
Mongolia,2021,,Mongolia_2021
French Guiana,2021,,French Guiana_2021
Malta,2021,,Malta_2021
Cyprus,2021,,Cyprus_2021
Gambia,2021,,Gambia_2021
Cameroon,2021,,Cameroon_2021
Panama,2021,,Panama_2021
Lebanon,2021,,Lebanon_2021
Jersey,2021,,Jersey_2021
Sweden,2021,24,Sweden_2021
Mauritius,2021,,Mauritius_2021
United Arab Emirates,2021,23,United Arab Emirates_2021
Guinea,2021,,Guinea_2021
Kenya,2021,23,Kenya_2021
Uganda,2021,,Uganda_2021
Albania,2021,,Albania_2021
French Polynesia,2021,,French Polynesia_2021
Cuba,2021,,Cuba_2021
Mali,2021,,Mali_2021
Romania,2021,22,Romania_2021
Singapore,2021,22,Singapore_2021
Czech Republic,2021,21,Czech Republic_2021
Tanzania,2021,,Tanzania_2021
Switzerland,2021,20,Switzerland_2021
Mexico,2021,20,Mexico_2021
Liechtenstein,2021,,Liechtenstein_2021
Estonia,2021,,Estonia_2021
Congo - Kinshasa,2021,,Congo - Kinshasa_2021
France,2021,20,France_2021
Papua New Guinea,2021,,Papua New Guinea_2021
Georgia,2021,,Georgia_2021
Djibouti,2021,,Djibouti_2021
Israel,2021,19,Israel_2021
Isle of Man,2021,,Isle of Man_2021
Sierra Leone,2021,,Sierra Leone_2021
Haiti,2021,,Haiti_2021
Liberia,2021,,Liberia_2021
Ethiopia,2021,,Ethiopia_2021
Slovakia,2021,19,Slovakia_2021
Honduras,2021,,Honduras_2021
Fiji,2021,,Fiji_2021
Philippines,2021,18,Philippines_2021
Belgium,2021,18,Belgium_2021
Qatar,2021,,Qatar_2021
Chile,2021,18,Chile_2021
Nicaragua,2021,,Nicaragua_2021
Slovenia,2021,,Slovenia_2021
Latvia,2021,,Latvia_2021
Netherlands,2021,17,Netherlands_2021
Guatemala,2021,17,Guatemala_2021
El Salvador,2021,,El Salvador_2021
Paraguay,2021,,Paraguay_2021
Bahrain,2021,,Bahrain_2021
Hungary,2021,17,Hungary_2021
Greece,2021,17,Greece_2021
Kuwait,2021,,Kuwait_2021
St. Helena,2021,,St. Helena_2021
Austria,2021,17,Austria_2021
Croatia,2021,17,Croatia_2021
Germany,2021,16,Germany_2021
Kazakhstan,2021,16,Kazakhstan_2021
Madagascar,2021,,Madagascar_2021
Dominican Republic,2021,16,Dominican Republic_2021
Andorra,2021,,Andorra_2021
Turkmenistan,2021,,Turkmenistan_2021
Finland,2021,15,Finland_2021
Lithuania,2021,,Lithuania_2021
Montenegro,2021,,Montenegro_2021
Colombia,2021,15,Colombia_2021
Bulgaria,2021,15,Bulgaria_2021
Serbia,2021,15,Serbia_2021
Kyrgyzstan,2021,,Kyrgyzstan_2021
Spain,2021,14,Spain_2021
Malaysia,2021,14,Malaysia_2021
Russia,2021,14,Russia_2021
South Sudan,2021,,South Sudan_2021
Poland,2021,14,Poland_2021
Bosnia & Herzegovina,2021,,Bosnia & Herzegovina_2021
Morocco,2021,14,Morocco_2021
Myanmar (Burma),2021,,Myanmar (Burma)_2021
Brazil,2021,13,Brazil_2021
Mauritania,2021,,Mauritania_2021
Nepal,2021,,Nepal_2021
Niger,2021,,Niger_2021
Moldova,2021,,Moldova_2021
Tunisia,2021,,Tunisia_2021
Argentina,2021,12,Argentina_2021
New Caledonia,2021,,New Caledonia_2021
Venezuela,2021,12,Venezuela_2021
Armenia,2021,,Armenia_2021
Oman,2021,,Oman_2021
Macao,2021,,Macao_2021
Western Sahara,2021,,Western Sahara_2021
Uruguay,2021,,Uruguay_2021
Cambodia,2021,,Cambodia_2021
Somalia,2021,,Somalia_2021
Bolivia,2021,,Bolivia_2021
Ecuador,2021,10,Ecuador_2021
Peru,2021,10,Peru_2021
Ukraine,2021,10,Ukraine_2021
Burkina Faso,2021,,Burkina Faso_2021
Azerbaijan,2021,,Azerbaijan_2021
Hong Kong,2021,10,Hong Kong_2021
Tajikistan,2021,,Tajikistan_2021
Uzbekistan,2021,,Uzbekistan_2021
China,2021,,China_2021
Timor-Leste,2021,,Timor-Leste_2021
Belarus,2021,,Belarus_2021
Sudan,2021,,Sudan_2021
Libya,2021,,Libya_2021
Saudi Arabia,2021,9,Saudi Arabia_2021
Jordan,2021,,Jordan_2021
Indonesia,2021,8,Indonesia_2021
Türkiye,2021,8,Türkiye_2021
Egypt,2021,7,Egypt_2021
Iran,2021,7,Iran_2021
Algeria,2021,,Algeria_2021
Palestine,2021,,Palestine_2021
Japan,2021,6,Japan_2021
South Korea,2021,6,South Korea_2021
Sri Lanka,2021,,Sri Lanka_2021
Iraq,2021,,Iraq_2021
Pakistan,2021,5,Pakistan_2021
India,2021,5,India_2021
Vietnam,2021,5,Vietnam_2021
Bangladesh,2021,,Bangladesh_2021
Thailand,2021,5,Thailand_2021
Taiwan,2021,4,Taiwan_2021
Laos,2021,,Laos_2021
Afghanistan,2021,,Afghanistan_2021
Syria,2021,,Syria_2021
Yemen,2021,,Yemen_2021
Marshall Islands,2021,,Marshall Islands_2021
Comoros,2021,,Comoros_2021
French Southern Territories,2021,,French Southern Territories_2021
Falkland Islands (Islas Malvinas),2021,,Falkland Islands (Islas Malvinas)_2021
Antarctica,2021,,Antarctica_2021
Cocos (Keeling) Islands,2021,,Cocos (Keeling) Islands_2021
American Samoa,2021,,American Samoa_2021
Chad,2021,,Chad_2021
Central African Republic,2021,,Central African Republic_2021
São Tomé & Príncipe,2021,,São Tomé & Príncipe_2021
St. Pierre & Miquelon,2021,,St. Pierre & Miquelon_2021
Tokelau,2021,,Tokelau_2021
Heard & McDonald Islands,2021,,Heard & McDonald Islands_2021
Solomon Islands,2021,,Solomon Islands_2021
Tonga,2021,,Tonga_2021
Svalbard & Jan Mayen,2021,,Svalbard & Jan Mayen_2021
South Georgia & South Sandwich Islands,2021,,South Georgia & South Sandwich Islands_2021
British Indian Ocean Territory,2021,,British Indian Ocean Territory_2021
Tuvalu,2021,,Tuvalu_2021
Bouvet Island,2021,,Bouvet Island_2021
North Korea,2021,,North Korea_2021
Eritrea,2021,,Eritrea_2021
Kiribati,2021,,Kiribati_2021
U.S. Outlying Islands,2021,,U.S. Outlying Islands_2021
Palau,2021,,Palau_2021
Pitcairn Islands,2021,,Pitcairn Islands_2021
Nauru,2021,,Nauru_2021
Vatican City,2021,,Vatican City_2021
Niue,2021,,Niue_2021
Norfolk Island,2021,,Norfolk Island_2021
St. Martin,2021,,St. Martin_2021
Åland Islands,2021,,Åland Islands_2021
Montserrat,2021,,Montserrat_2021
Anguilla,2021,,Anguilla_2021
Wallis & Futuna,2021,,Wallis & Futuna_2021
Samoa,2021,,Samoa_2021
Christmas Island,2021,,Christmas Island_2021
Monaco,2021,,Monaco_2021
Cook Islands,2021,,Cook Islands_2021
St. Barthélemy,2021,,St. Barthélemy_2021
Micronesia,2021,,Micronesia_2021
Mozambique,2022,100,Mozambique_2022
Zambia,2022,98,Zambia_2022
Angola,2022,89,Angola_2022
Equatorial Guinea,2022,,Equatorial Guinea_2022
Malawi,2022,,Malawi_2022
Eswatini,2022,,Eswatini_2022
Zimbabwe,2022,,Zimbabwe_2022
Congo - Brazzaville,2022,,Congo - Brazzaville_2022
Botswana,2022,,Botswana_2022
Lesotho,2022,,Lesotho_2022
South Africa,2022,52,South Africa_2022
Gabon,2022,,Gabon_2022
Nigeria,2022,45,Nigeria_2022
Turks & Caicos Islands,2022,,Turks & Caicos Islands_2022
Northern Mariana Islands,2022,,Northern Mariana Islands_2022
Greenland,2022,,Greenland_2022
Liberia,2022,,Liberia_2022
Rwanda,2022,,Rwanda_2022
Guam,2022,,Guam_2022
Caribbean Netherlands,2022,,Caribbean Netherlands_2022
Bhutan,2022,,Bhutan_2022
United States,2022,38,United States_2022
U.S. Virgin Islands,2022,,U.S. Virgin Islands_2022
Iceland,2022,,Iceland_2022
Kosovo,2022,,Kosovo_2022
Ghana,2022,35,Ghana_2022
Tanzania,2022,34,Tanzania_2022
Togo,2022,,Togo_2022
Mongolia,2022,,Mongolia_2022
Côte d'Ivoire,2022,,Côte d'Ivoire_2022
Congo - Kinshasa,2022,,Congo - Kinshasa_2022
Grenada,2022,,Grenada_2022
Cayman Islands,2022,,Cayman Islands_2022
Sint Maarten,2022,,Sint Maarten_2022
Puerto Rico,2022,32,Puerto Rico_2022
Seychelles,2022,,Seychelles_2022
Cameroon,2022,,Cameroon_2022
Namibia,2022,,Namibia_2022
Italy,2022,31,Italy_2022
Denmark,2022,31,Denmark_2022
St. Lucia,2022,,St. Lucia_2022
Cape Verde,2022,,Cape Verde_2022
Bermuda,2022,,Bermuda_2022
Maldives,2022,,Maldives_2022
Faroe Islands,2022,,Faroe Islands_2022
Dominica,2022,,Dominica_2022
Burundi,2022,,Burundi_2022
Bahamas,2022,,Bahamas_2022
Curaçao,2022,,Curaçao_2022
Australia,2022,28,Australia_2022
Israel,2022,28,Israel_2022
Senegal,2022,,Senegal_2022
Romania,2022,27,Romania_2022
Benin,2022,,Benin_2022
Mali,2022,,Mali_2022
Brunei,2022,,Brunei_2022
Barbados,2022,,Barbados_2022
Jamaica,2022,,Jamaica_2022
Canada,2022,27,Canada_2022
Guinea,2022,,Guinea_2022
Trinidad & Tobago,2022,,Trinidad & Tobago_2022
Aruba,2022,,Aruba_2022
San Marino,2022,,San Marino_2022
Guyana,2022,,Guyana_2022
Luxembourg,2022,,Luxembourg_2022
Portugal,2022,26,Portugal_2022
New Zealand,2022,26,New Zealand_2022
Czech Republic,2022,25,Czech Republic_2022
St. Kitts & Nevis,2022,,St. Kitts & Nevis_2022
North Macedonia,2022,,North Macedonia_2022
St. Helena,2022,,St. Helena_2022
Kenya,2022,25,Kenya_2022
Guinea-Bissau,2022,,Guinea-Bissau_2022
Madagascar,2022,,Madagascar_2022
Norway,2022,24,Norway_2022
Liechtenstein,2022,,Liechtenstein_2022
Myanmar (Burma),2022,,Myanmar (Burma)_2022
Belize,2022,,Belize_2022
Ethiopia,2022,,Ethiopia_2022
Antigua & Barbuda,2022,,Antigua & Barbuda_2022
Cuba,2022,,Cuba_2022
Uganda,2022,,Uganda_2022
Niger,2022,,Niger_2022
Albania,2022,,Albania_2022
Poland,2022,23,Poland_2022
Gibraltar,2022,,Gibraltar_2022
Gambia,2022,,Gambia_2022
Costa Rica,2022,22,Costa Rica_2022
French Guiana,2022,,French Guiana_2022
Djibouti,2022,,Djibouti_2022
Mexico,2022,22,Mexico_2022
Slovakia,2022,22,Slovakia_2022
Haiti,2022,,Haiti_2022
Philippines,2022,22,Philippines_2022
Sierra Leone,2022,,Sierra Leone_2022
Sweden,2022,22,Sweden_2022
Nepal,2022,21,Nepal_2022
Chad,2022,,Chad_2022
United Kingdom,2022,21,United Kingdom_2022
Chile,2022,21,Chile_2022
Suriname,2022,,Suriname_2022
Cyprus,2022,,Cyprus_2022
South Sudan,2022,,South Sudan_2022
Hungary,2022,20,Hungary_2022
St. Barthélemy,2022,,St. Barthélemy_2022
Georgia,2022,,Georgia_2022
Lebanon,2022,,Lebanon_2022
Switzerland,2022,20,Switzerland_2022
United Arab Emirates,2022,20,United Arab Emirates_2022
Germany,2022,20,Germany_2022
France,2022,19,France_2022
Panama,2022,,Panama_2022
Mauritius,2022,,Mauritius_2022
Réunion,2022,,Réunion_2022
Malta,2022,,Malta_2022
Honduras,2022,,Honduras_2022
Belgium,2022,19,Belgium_2022
Guernsey,2022,,Guernsey_2022
St. Vincent & Grenadines,2022,,St. Vincent & Grenadines_2022
Martinique,2022,,Martinique_2022
Slovenia,2022,,Slovenia_2022
Bulgaria,2022,18,Bulgaria_2022
Estonia,2022,,Estonia_2022
Guadeloupe,2022,,Guadeloupe_2022
Latvia,2022,,Latvia_2022
Austria,2022,18,Austria_2022
Bahrain,2022,,Bahrain_2022
Andorra,2022,,Andorra_2022
Kuwait,2022,,Kuwait_2022
El Salvador,2022,,El Salvador_2022
Papua New Guinea,2022,,Papua New Guinea_2022
Nicaragua,2022,,Nicaragua_2022
Tunisia,2022,17,Tunisia_2022
Jersey,2022,,Jersey_2022
Qatar,2022,,Qatar_2022
Netherlands,2022,16,Netherlands_2022
Ireland,2022,16,Ireland_2022
Mauritania,2022,,Mauritania_2022
Guatemala,2022,16,Guatemala_2022
Singapore,2022,16,Singapore_2022
Dominican Republic,2022,15,Dominican Republic_2022
Croatia,2022,15,Croatia_2022
Turkmenistan,2022,,Turkmenistan_2022
Burkina Faso,2022,,Burkina Faso_2022
Sudan,2022,,Sudan_2022
Finland,2022,15,Finland_2022
Argentina,2022,15,Argentina_2022
Macao,2022,,Macao_2022
Russia,2022,15,Russia_2022
Brazil,2022,14,Brazil_2022
Lithuania,2022,,Lithuania_2022
Greece,2022,14,Greece_2022
Malaysia,2022,14,Malaysia_2022
Morocco,2022,14,Morocco_2022
Isle of Man,2022,,Isle of Man_2022
Spain,2022,13,Spain_2022
Moldova,2022,,Moldova_2022
Montenegro,2022,,Montenegro_2022
Venezuela,2022,13,Venezuela_2022
Colombia,2022,12,Colombia_2022
Paraguay,2022,,Paraguay_2022
Armenia,2022,,Armenia_2022
Kyrgyzstan,2022,,Kyrgyzstan_2022
Kazakhstan,2022,12,Kazakhstan_2022
Cambodia,2022,,Cambodia_2022
Hong Kong,2022,12,Hong Kong_2022
Somalia,2022,,Somalia_2022
New Caledonia,2022,,New Caledonia_2022
Libya,2022,,Libya_2022
Fiji,2022,,Fiji_2022
Iran,2022,11,Iran_2022
Serbia,2022,11,Serbia_2022
Bosnia & Herzegovina,2022,,Bosnia & Herzegovina_2022
Ecuador,2022,11,Ecuador_2022
Algeria,2022,11,Algeria_2022
Bolivia,2022,,Bolivia_2022
Peru,2022,10,Peru_2022
Belarus,2022,10,Belarus_2022
Uruguay,2022,,Uruguay_2022
China,2022,,China_2022
Western Sahara,2022,,Western Sahara_2022
Türkiye,2022,10,Türkiye_2022
Japan,2022,10,Japan_2022
South Korea,2022,9,South Korea_2022
Azerbaijan,2022,,Azerbaijan_2022
Uzbekistan,2022,,Uzbekistan_2022
Palestine,2022,,Palestine_2022
Saudi Arabia,2022,9,Saudi Arabia_2022
Oman,2022,,Oman_2022
Jordan,2022,,Jordan_2022
Egypt,2022,9,Egypt_2022
French Polynesia,2022,,French Polynesia_2022
Indonesia,2022,8,Indonesia_2022
Ukraine,2022,8,Ukraine_2022
Taiwan,2022,8,Taiwan_2022
Tajikistan,2022,,Tajikistan_2022
Thailand,2022,7,Thailand_2022
India,2022,7,India_2022
Sri Lanka,2022,,Sri Lanka_2022
Iraq,2022,,Iraq_2022
Laos,2022,,Laos_2022
Pakistan,2022,5,Pakistan_2022
Vietnam,2022,5,Vietnam_2022
Bangladesh,2022,5,Bangladesh_2022
Syria,2022,,Syria_2022
Afghanistan,2022,,Afghanistan_2022
Yemen,2022,,Yemen_2022
Antarctica,2022,,Antarctica_2022
South Georgia & South Sandwich Islands,2022,,South Georgia & South Sandwich Islands_2022
Christmas Island,2022,,Christmas Island_2022
Micronesia,2022,,Micronesia_2022
Falkland Islands (Islas Malvinas),2022,,Falkland Islands (Islas Malvinas)_2022
French Southern Territories,2022,,French Southern Territories_2022
São Tomé & Príncipe,2022,,São Tomé & Príncipe_2022
Central African Republic,2022,,Central African Republic_2022
American Samoa,2022,,American Samoa_2022
Mayotte,2022,,Mayotte_2022
Bouvet Island,2022,,Bouvet Island_2022
Norfolk Island,2022,,Norfolk Island_2022
St. Pierre & Miquelon,2022,,St. Pierre & Miquelon_2022
Tokelau,2022,,Tokelau_2022
Cocos (Keeling) Islands,2022,,Cocos (Keeling) Islands_2022
Timor-Leste,2022,,Timor-Leste_2022
Tonga,2022,,Tonga_2022
Montserrat,2022,,Montserrat_2022
Heard & McDonald Islands,2022,,Heard & McDonald Islands_2022
Niue,2022,,Niue_2022
Tuvalu,2022,,Tuvalu_2022
Solomon Islands,2022,,Solomon Islands_2022
St. Martin,2022,,St. Martin_2022
Svalbard & Jan Mayen,2022,,Svalbard & Jan Mayen_2022
Kiribati,2022,,Kiribati_2022
U.S. Outlying Islands,2022,,U.S. Outlying Islands_2022
Nauru,2022,,Nauru_2022
Eritrea,2022,,Eritrea_2022
British Indian Ocean Territory,2022,,British Indian Ocean Territory_2022
Vatican City,2022,,Vatican City_2022
Pitcairn Islands,2022,,Pitcairn Islands_2022
Monaco,2022,,Monaco_2022
British Virgin Islands,2022,,British Virgin Islands_2022
Marshall Islands,2022,,Marshall Islands_2022
Cook Islands,2022,,Cook Islands_2022
Vanuatu,2022,,Vanuatu_2022
Wallis & Futuna,2022,,Wallis & Futuna_2022
Samoa,2022,,Samoa_2022
Åland Islands,2022,,Åland Islands_2022
North Korea,2022,,North Korea_2022
Anguilla,2022,,Anguilla_2022
Palau,2022,,Palau_2022
Comoros,2022,,Comoros_2022
Mozambique,2023,,Mozambique_2023
Zambia,2023,100,Zambia_2023
Angola,2023,94,Angola_2023
Malawi,2023,,Malawi_2023
Zimbabwe,2023,,Zimbabwe_2023
Israel,2023,79,Israel_2023
Botswana,2023,,Botswana_2023
Italy,2023,71,Italy_2023
Eswatini,2023,,Eswatini_2023
Turks & Caicos Islands,2023,,Turks & Caicos Islands_2023
Gabon,2023,,Gabon_2023
Equatorial Guinea,2023,,Equatorial Guinea_2023
South Africa,2023,58,South Africa_2023
United States,2023,57,United States_2023
Congo - Brazzaville,2023,,Congo - Brazzaville_2023
Guam,2023,,Guam_2023
Egypt,2023,55,Egypt_2023
Mongolia,2023,,Mongolia_2023
Northern Mariana Islands,2023,,Northern Mariana Islands_2023
Iceland,2023,,Iceland_2023
Dominica,2023,,Dominica_2023
Lesotho,2023,,Lesotho_2023
Bhutan,2023,,Bhutan_2023
Côte d'Ivoire,2023,,Côte d'Ivoire_2023
Romania,2023,48,Romania_2023
San Marino,2023,,San Marino_2023
Gibraltar,2023,,Gibraltar_2023
Rwanda,2023,,Rwanda_2023
Canada,2023,45,Canada_2023
Puerto Rico,2023,45,Puerto Rico_2023
Nigeria,2023,44,Nigeria_2023
Seychelles,2023,,Seychelles_2023
Denmark,2023,43,Denmark_2023
Poland,2023,43,Poland_2023
Cayman Islands,2023,,Cayman Islands_2023
Haiti,2023,,Haiti_2023
Congo - Kinshasa,2023,,Congo - Kinshasa_2023
Portugal,2023,40,Portugal_2023
Czech Republic,2023,40,Czech Republic_2023
Aruba,2023,,Aruba_2023
St. Lucia,2023,,St. Lucia_2023
Bahamas,2023,,Bahamas_2023
Kosovo,2023,,Kosovo_2023
Madagascar,2023,,Madagascar_2023
Myanmar (Burma),2023,,Myanmar (Burma)_2023
Cameroon,2023,,Cameroon_2023
United Arab Emirates,2023,37,United Arab Emirates_2023
Trinidad & Tobago,2023,,Trinidad & Tobago_2023
Belize,2023,,Belize_2023
Greenland,2023,,Greenland_2023
New Zealand,2023,36,New Zealand_2023
U.S. Virgin Islands,2023,,U.S. Virgin Islands_2023
Cape Verde,2023,,Cape Verde_2023
Luxembourg,2023,,Luxembourg_2023
Djibouti,2023,,Djibouti_2023
Liberia,2023,,Liberia_2023
Bermuda,2023,,Bermuda_2023
Tanzania,2023,,Tanzania_2023
Cuba,2023,,Cuba_2023
Antigua & Barbuda,2023,,Antigua & Barbuda_2023
Ghana,2023,35,Ghana_2023
Grenada,2023,,Grenada_2023
Australia,2023,35,Australia_2023
Hungary,2023,34,Hungary_2023
Brunei,2023,,Brunei_2023
Switzerland,2023,33,Switzerland_2023
Tunisia,2023,33,Tunisia_2023
Namibia,2023,,Namibia_2023
Togo,2023,,Togo_2023
Nicaragua,2023,,Nicaragua_2023
St. Kitts & Nevis,2023,,St. Kitts & Nevis_2023
Costa Rica,2023,33,Costa Rica_2023
St. Barthélemy,2023,,St. Barthélemy_2023
El Salvador,2023,,El Salvador_2023
Slovakia,2023,32,Slovakia_2023
Guyana,2023,,Guyana_2023
Lebanon,2023,,Lebanon_2023
Albania,2023,,Albania_2023
Mexico,2023,31,Mexico_2023
Barbados,2023,,Barbados_2023
North Macedonia,2023,,North Macedonia_2023
Philippines,2023,31,Philippines_2023
Burundi,2023,,Burundi_2023
Cyprus,2023,,Cyprus_2023
Guadeloupe,2023,,Guadeloupe_2023
Sierra Leone,2023,,Sierra Leone_2023
France,2023,31,France_2023
Germany,2023,31,Germany_2023
Benin,2023,,Benin_2023
Honduras,2023,,Honduras_2023
Maldives,2023,,Maldives_2023
Belgium,2023,30,Belgium_2023
United Kingdom,2023,30,United Kingdom_2023
Norway,2023,29,Norway_2023
Senegal,2023,,Senegal_2023
Jamaica,2023,,Jamaica_2023
Kenya,2023,29,Kenya_2023
Sint Maarten,2023,,Sint Maarten_2023
Austria,2023,29,Austria_2023
Nepal,2023,29,Nepal_2023
Malta,2023,,Malta_2023
Martinique,2023,,Martinique_2023
Jersey,2023,,Jersey_2023
Guinea,2023,,Guinea_2023
Turkmenistan,2023,,Turkmenistan_2023
Chile,2023,28,Chile_2023
South Sudan,2023,,South Sudan_2023
Sudan,2023,,Sudan_2023
Kuwait,2023,,Kuwait_2023
Sweden,2023,27,Sweden_2023
Réunion,2023,,Réunion_2023
Netherlands,2023,26,Netherlands_2023
Latvia,2023,,Latvia_2023
Ireland,2023,26,Ireland_2023
Estonia,2023,,Estonia_2023
French Guiana,2023,,French Guiana_2023
Mali,2023,,Mali_2023
Bahrain,2023,,Bahrain_2023
Guatemala,2023,25,Guatemala_2023
Panama,2023,,Panama_2023
Isle of Man,2023,,Isle of Man_2023
Mauritania,2023,,Mauritania_2023
Greece,2023,25,Greece_2023
Andorra,2023,,Andorra_2023
Georgia,2023,,Georgia_2023
Liechtenstein,2023,,Liechtenstein_2023
Russia,2023,24,Russia_2023
Ethiopia,2023,,Ethiopia_2023
Croatia,2023,23,Croatia_2023
Bulgaria,2023,23,Bulgaria_2023
Qatar,2023,,Qatar_2023
Uganda,2023,,Uganda_2023
Slovenia,2023,,Slovenia_2023
Curaçao,2023,,Curaçao_2023
Spain,2023,23,Spain_2023
Singapore,2023,22,Singapore_2023
Moldova,2023,,Moldova_2023
Faroe Islands,2023,,Faroe Islands_2023
Morocco,2023,21,Morocco_2023
St. Helena,2023,,St. Helena_2023
Saudi Arabia,2023,20,Saudi Arabia_2023
Lithuania,2023,,Lithuania_2023
Niger,2023,,Niger_2023
St. Vincent & Grenadines,2023,,St. Vincent & Grenadines_2023
Iran,2023,20,Iran_2023
Finland,2023,20,Finland_2023
Dominican Republic,2023,20,Dominican Republic_2023
Burkina Faso,2023,,Burkina Faso_2023
Mauritius,2023,,Mauritius_2023
Libya,2023,,Libya_2023
Suriname,2023,,Suriname_2023
Papua New Guinea,2023,,Papua New Guinea_2023
Kazakhstan,2023,18,Kazakhstan_2023
Gambia,2023,,Gambia_2023
Algeria,2023,18,Algeria_2023
Venezuela,2023,18,Venezuela_2023
Montenegro,2023,,Montenegro_2023
Guernsey,2023,,Guernsey_2023
Armenia,2023,,Armenia_2023
Brazil,2023,17,Brazil_2023
Kyrgyzstan,2023,,Kyrgyzstan_2023
Hong Kong,2023,17,Hong Kong_2023
Colombia,2023,16,Colombia_2023
Bolivia,2023,,Bolivia_2023
Paraguay,2023,,Paraguay_2023
Peru,2023,16,Peru_2023
Cambodia,2023,,Cambodia_2023
Belarus,2023,16,Belarus_2023
Jordan,2023,,Jordan_2023
Chad,2023,,Chad_2023
French Polynesia,2023,,French Polynesia_2023
Argentina,2023,16,Argentina_2023
Bosnia & Herzegovina,2023,,Bosnia & Herzegovina_2023
Malaysia,2023,16,Malaysia_2023
Serbia,2023,15,Serbia_2023
Ecuador,2023,15,Ecuador_2023
Palestine,2023,,Palestine_2023
Japan,2023,15,Japan_2023
Türkiye,2023,14,Türkiye_2023
Macao,2023,,Macao_2023
Oman,2023,,Oman_2023
Thailand,2023,13,Thailand_2023
Uruguay,2023,,Uruguay_2023
Western Sahara,2023,,Western Sahara_2023
Timor-Leste,2023,,Timor-Leste_2023
Ukraine,2023,13,Ukraine_2023
China,2023,,China_2023
Fiji,2023,,Fiji_2023
Uzbekistan,2023,,Uzbekistan_2023
Somalia,2023,,Somalia_2023
New Caledonia,2023,,New Caledonia_2023
Laos,2023,,Laos_2023
South Korea,2023,11,South Korea_2023
Azerbaijan,2023,,Azerbaijan_2023
Taiwan,2023,10,Taiwan_2023
Sri Lanka,2023,,Sri Lanka_2023
Indonesia,2023,9,Indonesia_2023
Tajikistan,2023,,Tajikistan_2023
India,2023,8,India_2023
Iraq,2023,,Iraq_2023
Syria,2023,,Syria_2023
Pakistan,2023,7,Pakistan_2023
Vietnam,2023,6,Vietnam_2023
Bangladesh,2023,6,Bangladesh_2023
Afghanistan,2023,,Afghanistan_2023
Yemen,2023,,Yemen_2023
Niue,2023,,Niue_2023
Cocos (Keeling) Islands,2023,,Cocos (Keeling) Islands_2023
Kiribati,2023,,Kiribati_2023
Caribbean Netherlands,2023,,Caribbean Netherlands_2023
Heard & McDonald Islands,2023,,Heard & McDonald Islands_2023
St. Pierre & Miquelon,2023,,St. Pierre & Miquelon_2023
Christmas Island,2023,,Christmas Island_2023
Solomon Islands,2023,,Solomon Islands_2023
Svalbard & Jan Mayen,2023,,Svalbard & Jan Mayen_2023
Åland Islands,2023,,Åland Islands_2023
South Georgia & South Sandwich Islands,2023,,South Georgia & South Sandwich Islands_2023
Comoros,2023,,Comoros_2023
St. Martin,2023,,St. Martin_2023
Monaco,2023,,Monaco_2023
Tokelau,2023,,Tokelau_2023
Guinea-Bissau,2023,,Guinea-Bissau_2023
Marshall Islands,2023,,Marshall Islands_2023
Tonga,2023,,Tonga_2023
Micronesia,2023,,Micronesia_2023
Cook Islands,2023,,Cook Islands_2023
Montserrat,2023,,Montserrat_2023
Tuvalu,2023,,Tuvalu_2023
American Samoa,2023,,American Samoa_2023
Bouvet Island,2023,,Bouvet Island_2023
British Indian Ocean Territory,2023,,British Indian Ocean Territory_2023
North Korea,2023,,North Korea_2023
U.S. Outlying Islands,2023,,U.S. Outlying Islands_2023
Antarctica,2023,,Antarctica_2023
Anguilla,2023,,Anguilla_2023
French Southern Territories,2023,,French Southern Territories_2023
Vatican City,2023,,Vatican City_2023
Falkland Islands (Islas Malvinas),2023,,Falkland Islands (Islas Malvinas)_2023
Palau,2023,,Palau_2023
British Virgin Islands,2023,,British Virgin Islands_2023
Central African Republic,2023,,Central African Republic_2023
Mayotte,2023,,Mayotte_2023
Vanuatu,2023,,Vanuatu_2023
Wallis & Futuna,2023,,Wallis & Futuna_2023
Samoa,2023,,Samoa_2023
Nauru,2023,,Nauru_2023
Norfolk Island,2023,,Norfolk Island_2023
Eritrea,2023,,Eritrea_2023
Pitcairn Islands,2023,,Pitcairn Islands_2023
São Tomé & Príncipe,2023,,São Tomé & Príncipe_2023
Equatorial Guinea,2024,,Equatorial Guinea_2024
New Zealand,2024,100,New Zealand_2024
Australia,2024,96,Australia_2024
Zambia,2024,86,Zambia_2024
Portugal,2024,83,Portugal_2024
Czech Republic,2024,78,Czech Republic_2024
Angola,2024,,Angola_2024
Malawi,2024,,Malawi_2024
Mozambique,2024,,Mozambique_2024
Romania,2024,69,Romania_2024
Zimbabwe,2024,,Zimbabwe_2024
Botswana,2024,,Botswana_2024
Puerto Rico,2024,61,Puerto Rico_2024
Cape Verde,2024,,Cape Verde_2024
Poland,2024,59,Poland_2024
Eswatini,2024,,Eswatini_2024
Guam,2024,,Guam_2024
Greenland,2024,,Greenland_2024
Slovakia,2024,53,Slovakia_2024
United States,2024,53,United States_2024
Gabon,2024,,Gabon_2024
Mongolia,2024,,Mongolia_2024
Faroe Islands,2024,,Faroe Islands_2024
Turks & Caicos Islands,2024,,Turks & Caicos Islands_2024
Iceland,2024,,Iceland_2024
Italy,2024,49,Italy_2024
Gibraltar,2024,,Gibraltar_2024
Sint Maarten,2024,,Sint Maarten_2024
Lesotho,2024,,Lesotho_2024
Liechtenstein,2024,,Liechtenstein_2024
Nigeria,2024,45,Nigeria_2024
Netherlands,2024,45,Netherlands_2024
Mexico,2024,44,Mexico_2024
Switzerland,2024,43,Switzerland_2024
Bermuda,2024,,Bermuda_2024
South Africa,2024,43,South Africa_2024
Seychelles,2024,,Seychelles_2024
Curaçao,2024,,Curaçao_2024
Antigua & Barbuda,2024,,Antigua & Barbuda_2024
Canada,2024,41,Canada_2024
Dominica,2024,,Dominica_2024
Bhutan,2024,,Bhutan_2024
Comoros,2024,,Comoros_2024
Haiti,2024,,Haiti_2024
Denmark,2024,40,Denmark_2024
Luxembourg,2024,,Luxembourg_2024
Cuba,2024,,Cuba_2024
Malta,2024,,Malta_2024
Germany,2024,39,Germany_2024
Rwanda,2024,,Rwanda_2024
Chile,2024,38,Chile_2024
Mayotte,2024,,Mayotte_2024
Caribbean Netherlands,2024,,Caribbean Netherlands_2024
Belgium,2024,37,Belgium_2024
Aruba,2024,,Aruba_2024
United Arab Emirates,2024,37,United Arab Emirates_2024
United Kingdom,2024,36,United Kingdom_2024
Turkmenistan,2024,,Turkmenistan_2024
Cameroon,2024,,Cameroon_2024
San Marino,2024,,San Marino_2024
Kosovo,2024,,Kosovo_2024
Bahamas,2024,,Bahamas_2024
Maldives,2024,,Maldives_2024
Tanzania,2024,,Tanzania_2024
France,2024,35,France_2024
Congo - Brazzaville,2024,,Congo - Brazzaville_2024
Congo - Kinshasa,2024,,Congo - Kinshasa_2024
Burundi,2024,,Burundi_2024
El Salvador,2024,,El Salvador_2024
North Macedonia,2024,,North Macedonia_2024
Madagascar,2024,,Madagascar_2024
Brunei,2024,,Brunei_2024
Ghana,2024,34,Ghana_2024
St. Kitts & Nevis,2024,,St. Kitts & Nevis_2024
Norway,2024,33,Norway_2024
St. Lucia,2024,,St. Lucia_2024
Albania,2024,,Albania_2024
Côte d'Ivoire,2024,,Côte d'Ivoire_2024
Hungary,2024,32,Hungary_2024
Jersey,2024,,Jersey_2024
Guernsey,2024,,Guernsey_2024
Austria,2024,32,Austria_2024
Nicaragua,2024,,Nicaragua_2024
Belize,2024,,Belize_2024
Cayman Islands,2024,,Cayman Islands_2024
St. Barthélemy,2024,,St. Barthélemy_2024
Costa Rica,2024,31,Costa Rica_2024
Namibia,2024,,Namibia_2024
Andorra,2024,,Andorra_2024
Nepal,2024,31,Nepal_2024
Spain,2024,31,Spain_2024
Liberia,2024,,Liberia_2024
Cyprus,2024,,Cyprus_2024
Trinidad & Tobago,2024,,Trinidad & Tobago_2024
U.S. Virgin Islands,2024,,U.S. Virgin Islands_2024
Greece,2024,29,Greece_2024
Iran,2024,29,Iran_2024
Myanmar (Burma),2024,,Myanmar (Burma)_2024
Lebanon,2024,,Lebanon_2024
Isle of Man,2024,,Isle of Man_2024
Togo,2024,,Togo_2024
Suriname,2024,,Suriname_2024
Estonia,2024,,Estonia_2024
Israel,2024,28,Israel_2024
Tunisia,2024,28,Tunisia_2024
South Sudan,2024,,South Sudan_2024
Honduras,2024,,Honduras_2024
Latvia,2024,,Latvia_2024
Georgia,2024,,Georgia_2024
Jamaica,2024,,Jamaica_2024
Guinea-Bissau,2024,,Guinea-Bissau_2024
Bulgaria,2024,27,Bulgaria_2024
Sierra Leone,2024,,Sierra Leone_2024
Philippines,2024,26,Philippines_2024
Brazil,2024,26,Brazil_2024
Moldova,2024,,Moldova_2024
Kenya,2024,26,Kenya_2024
Bahrain,2024,,Bahrain_2024
French Guiana,2024,,French Guiana_2024
Barbados,2024,,Barbados_2024
St. Vincent & Grenadines,2024,,St. Vincent & Grenadines_2024
Ireland,2024,26,Ireland_2024
Guatemala,2024,26,Guatemala_2024
Grenada,2024,,Grenada_2024
Benin,2024,,Benin_2024
Slovenia,2024,,Slovenia_2024
Croatia,2024,25,Croatia_2024
Djibouti,2024,,Djibouti_2024
Colombia,2024,25,Colombia_2024
Guinea,2024,,Guinea_2024
Guyana,2024,,Guyana_2024
Sweden,2024,25,Sweden_2024
Lithuania,2024,,Lithuania_2024
Mauritius,2024,,Mauritius_2024
Uganda,2024,,Uganda_2024
Singapore,2024,23,Singapore_2024
Panama,2024,,Panama_2024
Morocco,2024,23,Morocco_2024
Argentina,2024,23,Argentina_2024
St. Helena,2024,,St. Helena_2024
Qatar,2024,,Qatar_2024
Guadeloupe,2024,,Guadeloupe_2024
Paraguay,2024,,Paraguay_2024
Senegal,2024,,Senegal_2024
Ethiopia,2024,,Ethiopia_2024
Peru,2024,21,Peru_2024
Kuwait,2024,,Kuwait_2024
Gambia,2024,,Gambia_2024
Martinique,2024,,Martinique_2024
Mali,2024,,Mali_2024
Venezuela,2024,21,Venezuela_2024
Dominican Republic,2024,20,Dominican Republic_2024
Papua New Guinea,2024,,Papua New Guinea_2024
Réunion,2024,,Réunion_2024
Ecuador,2024,19,Ecuador_2024
Bolivia,2024,,Bolivia_2024
French Polynesia,2024,,French Polynesia_2024
Mauritania,2024,,Mauritania_2024
Armenia,2024,,Armenia_2024
Finland,2024,18,Finland_2024
Western Sahara,2024,,Western Sahara_2024
Macao,2024,,Macao_2024
Montenegro,2024,,Montenegro_2024
Fiji,2024,,Fiji_2024
Niger,2024,,Niger_2024
Uruguay,2024,,Uruguay_2024
Kazakhstan,2024,16,Kazakhstan_2024
Serbia,2024,16,Serbia_2024
Burkina Faso,2024,,Burkina Faso_2024
Algeria,2024,16,Algeria_2024
Bosnia & Herzegovina,2024,,Bosnia & Herzegovina_2024
Hong Kong,2024,16,Hong Kong_2024
Cambodia,2024,,Cambodia_2024
Malaysia,2024,15,Malaysia_2024
New Caledonia,2024,,New Caledonia_2024
Belarus,2024,,Belarus_2024
Azerbaijan,2024,,Azerbaijan_2024
Russia,2024,14,Russia_2024
Ukraine,2024,14,Ukraine_2024
Jordan,2024,,Jordan_2024
China,2024,,China_2024
Saudi Arabia,2024,14,Saudi Arabia_2024
Uzbekistan,2024,,Uzbekistan_2024
Egypt,2024,13,Egypt_2024
Türkiye,2024,13,Türkiye_2024
Kyrgyzstan,2024,,Kyrgyzstan_2024
Sudan,2024,,Sudan_2024
Somalia,2024,,Somalia_2024
Libya,2024,,Libya_2024
Thailand,2024,12,Thailand_2024
Sri Lanka,2024,,Sri Lanka_2024
Oman,2024,,Oman_2024
Tajikistan,2024,,Tajikistan_2024
Japan,2024,11,Japan_2024
India,2024,9,India_2024
Indonesia,2024,9,Indonesia_2024
Taiwan,2024,9,Taiwan_2024
Laos,2024,,Laos_2024
Iraq,2024,,Iraq_2024
Pakistan,2024,8,Pakistan_2024
Palestine,2024,,Palestine_2024
Syria,2024,,Syria_2024
Vietnam,2024,7,Vietnam_2024
Chad,2024,,Chad_2024
South Korea,2024,7,South Korea_2024
Bangladesh,2024,7,Bangladesh_2024
Timor-Leste,2024,,Timor-Leste_2024
Afghanistan,2024,,Afghanistan_2024
Yemen,2024,,Yemen_2024
North Korea,2024,,North Korea_2024
Christmas Island,2024,,Christmas Island_2024
St. Pierre & Miquelon,2024,,St. Pierre & Miquelon_2024
Falkland Islands (Islas Malvinas),2024,,Falkland Islands (Islas Malvinas)_2024
Eritrea,2024,,Eritrea_2024
Micronesia,2024,,Micronesia_2024
Åland Islands,2024,,Åland Islands_2024
Solomon Islands,2024,,Solomon Islands_2024
Svalbard & Jan Mayen,2024,,Svalbard & Jan Mayen_2024
South Georgia & South Sandwich Islands,2024,,South Georgia & South Sandwich Islands_2024
American Samoa,2024,,American Samoa_2024
Tokelau,2024,,Tokelau_2024
Antarctica,2024,,Antarctica_2024
Palau,2024,,Palau_2024
Tonga,2024,,Tonga_2024
Pitcairn Islands,2024,,Pitcairn Islands_2024
Nauru,2024,,Nauru_2024
Niue,2024,,Niue_2024
Tuvalu,2024,,Tuvalu_2024
Norfolk Island,2024,,Norfolk Island_2024
Cook Islands,2024,,Cook Islands_2024
Cocos (Keeling) Islands,2024,,Cocos (Keeling) Islands_2024
Northern Mariana Islands,2024,,Northern Mariana Islands_2024
U.S. Outlying Islands,2024,,U.S. Outlying Islands_2024
Central African Republic,2024,,Central African Republic_2024
Anguilla,2024,,Anguilla_2024
Marshall Islands,2024,,Marshall Islands_2024
Vatican City,2024,,Vatican City_2024
Heard & McDonald Islands,2024,,Heard & McDonald Islands_2024
Monaco,2024,,Monaco_2024
British Virgin Islands,2024,,British Virgin Islands_2024
St. Martin,2024,,St. Martin_2024
Bouvet Island,2024,,Bouvet Island_2024
Vanuatu,2024,,Vanuatu_2024
Wallis & Futuna,2024,,Wallis & Futuna_2024
Samoa,2024,,Samoa_2024
British Indian Ocean Territory,2024,,British Indian Ocean Territory_2024
Kiribati,2024,,Kiribati_2024
Montserrat,2024,,Montserrat_2024
French Southern Territories,2024,,French Southern Territories_2024
São Tomé & Príncipe,2024,,São Tomé & Príncipe_2024
Zambia,2025,100,Zambia_2025
Equatorial Guinea,2025,,Equatorial Guinea_2025
South Africa,2025,83,South Africa_2025
Zimbabwe,2025,,Zimbabwe_2025
Angola,2025,69,Angola_2025
Malawi,2025,,Malawi_2025
Macao,2025,,Macao_2025
Qatar,2025,65,Qatar_2025
Mozambique,2025,,Mozambique_2025
Lesotho,2025,,Lesotho_2025
Tonga,2025,,Tonga_2025
Eswatini,2025,,Eswatini_2025
Botswana,2025,,Botswana_2025
Greenland,2025,,Greenland_2025
United States,2025,48,United States_2025
American Samoa,2025,,American Samoa_2025
Turks & Caicos Islands,2025,,Turks & Caicos Islands_2025
United Arab Emirates,2025,45,United Arab Emirates_2025
Northern Mariana Islands,2025,,Northern Mariana Islands_2025
Seychelles,2025,,Seychelles_2025
Bermuda,2025,,Bermuda_2025
Burundi,2025,,Burundi_2025
Gibraltar,2025,,Gibraltar_2025
San Marino,2025,,San Marino_2025
Guam,2025,,Guam_2025
Netherlands,2025,41,Netherlands_2025
Gabon,2025,,Gabon_2025
Grenada,2025,,Grenada_2025
Mongolia,2025,,Mongolia_2025
South Sudan,2025,,South Sudan_2025
Puerto Rico,2025,38,Puerto Rico_2025
Ghana,2025,37,Ghana_2025
Cuba,2025,,Cuba_2025
Iceland,2025,,Iceland_2025
Nigeria,2025,36,Nigeria_2025
Tanzania,2025,36,Tanzania_2025
Cape Verde,2025,,Cape Verde_2025
Cameroon,2025,,Cameroon_2025
St. Kitts & Nevis,2025,,St. Kitts & Nevis_2025
Mexico,2025,34,Mexico_2025
Guinea-Bissau,2025,,Guinea-Bissau_2025
Namibia,2025,,Namibia_2025
Madagascar,2025,,Madagascar_2025
Congo - Kinshasa,2025,,Congo - Kinshasa_2025
Guinea,2025,,Guinea_2025
Australia,2025,33,Australia_2025
Poland,2025,33,Poland_2025
Romania,2025,33,Romania_2025
Canada,2025,33,Canada_2025
Denmark,2025,33,Denmark_2025
St. Vincent & Grenadines,2025,,St. Vincent & Grenadines_2025
Bahamas,2025,,Bahamas_2025
St. Lucia,2025,,St. Lucia_2025
Liberia,2025,,Liberia_2025
Portugal,2025,31,Portugal_2025
United Kingdom,2025,31,United Kingdom_2025
Iran,2025,31,Iran_2025
Côte d'Ivoire,2025,,Côte d'Ivoire_2025
Liechtenstein,2025,,Liechtenstein_2025
Spain,2025,30,Spain_2025
Haiti,2025,,Haiti_2025
Czech Republic,2025,29,Czech Republic_2025
Turkmenistan,2025,,Turkmenistan_2025
Andorra,2025,,Andorra_2025
Slovakia,2025,29,Slovakia_2025
Rwanda,2025,,Rwanda_2025
Sierra Leone,2025,,Sierra Leone_2025
Trinidad & Tobago,2025,,Trinidad & Tobago_2025
El Salvador,2025,,El Salvador_2025
Congo - Brazzaville,2025,,Congo - Brazzaville_2025
Belize,2025,,Belize_2025
Guernsey,2025,,Guernsey_2025
New Zealand,2025,27,New Zealand_2025
Italy,2025,27,Italy_2025
Togo,2025,,Togo_2025
Maldives,2025,,Maldives_2025
Jersey,2025,,Jersey_2025
Central African Republic,2025,,Central African Republic_2025
Kenya,2025,27,Kenya_2025
Luxembourg,2025,,Luxembourg_2025
Kosovo,2025,,Kosovo_2025
Hungary,2025,27,Hungary_2025
Costa Rica,2025,26,Costa Rica_2025
Switzerland,2025,26,Switzerland_2025
Aruba,2025,,Aruba_2025
Jamaica,2025,,Jamaica_2025
Faroe Islands,2025,,Faroe Islands_2025
Cayman Islands,2025,,Cayman Islands_2025
France,2025,25,France_2025
Honduras,2025,,Honduras_2025
Brunei,2025,,Brunei_2025
Uganda,2025,,Uganda_2025
Barbados,2025,,Barbados_2025
North Macedonia,2025,,North Macedonia_2025
Benin,2025,,Benin_2025
Niger,2025,,Niger_2025
Belgium,2025,24,Belgium_2025
Cyprus,2025,,Cyprus_2025
U.S. Virgin Islands,2025,,U.S. Virgin Islands_2025
Guatemala,2025,24,Guatemala_2025
Martinique,2025,,Martinique_2025
Malta,2025,,Malta_2025
Chile,2025,23,Chile_2025
Isle of Man,2025,,Isle of Man_2025
Nicaragua,2025,,Nicaragua_2025
Hong Kong,2025,23,Hong Kong_2025
Georgia,2025,,Georgia_2025
Senegal,2025,,Senegal_2025
Guyana,2025,,Guyana_2025
Nepal,2025,22,Nepal_2025
Kuwait,2025,,Kuwait_2025
Bahrain,2025,,Bahrain_2025
Croatia,2025,22,Croatia_2025
Panama,2025,,Panama_2025
Albania,2025,,Albania_2025
Estonia,2025,,Estonia_2025
Mali,2025,,Mali_2025
Gambia,2025,,Gambia_2025
Singapore,2025,21,Singapore_2025
Morocco,2025,21,Morocco_2025
Germany,2025,21,Germany_2025
Norway,2025,21,Norway_2025
Myanmar (Burma),2025,,Myanmar (Burma)_2025
Armenia,2025,,Armenia_2025
Austria,2025,20,Austria_2025
Mauritania,2025,,Mauritania_2025
Moldova,2025,,Moldova_2025
Antigua & Barbuda,2025,,Antigua & Barbuda_2025
French Polynesia,2025,,French Polynesia_2025
Suriname,2025,,Suriname_2025
Peru,2025,19,Peru_2025
Latvia,2025,,Latvia_2025
Lebanon,2025,,Lebanon_2025
Tunisia,2025,,Tunisia_2025
Bulgaria,2025,19,Bulgaria_2025
Sweden,2025,19,Sweden_2025
Philippines,2025,19,Philippines_2025
Djibouti,2025,,Djibouti_2025
Israel,2025,19,Israel_2025
Bhutan,2025,,Bhutan_2025
Ethiopia,2025,,Ethiopia_2025
Ireland,2025,19,Ireland_2025
Bolivia,2025,,Bolivia_2025
Slovenia,2025,,Slovenia_2025
Burkina Faso,2025,,Burkina Faso_2025
Curaçao,2025,,Curaçao_2025
St. Barthélemy,2025,,St. Barthélemy_2025
China,2025,,China_2025
Guadeloupe,2025,,Guadeloupe_2025
Ecuador,2025,17,Ecuador_2025
Greece,2025,17,Greece_2025
Colombia,2025,17,Colombia_2025
Brazil,2025,16,Brazil_2025
Mauritius,2025,,Mauritius_2025
Venezuela,2025,16,Venezuela_2025
Kazakhstan,2025,16,Kazakhstan_2025
Lithuania,2025,,Lithuania_2025
Finland,2025,16,Finland_2025
Montenegro,2025,,Montenegro_2025
Dominican Republic,2025,,Dominican Republic_2025
Réunion,2025,,Réunion_2025
India,2025,15,India_2025
St. Helena,2025,,St. Helena_2025
Bosnia & Herzegovina,2025,,Bosnia & Herzegovina_2025
Serbia,2025,14,Serbia_2025
Japan,2025,14,Japan_2025
Argentina,2025,13,Argentina_2025
Malaysia,2025,13,Malaysia_2025
Paraguay,2025,,Paraguay_2025
Azerbaijan,2025,,Azerbaijan_2025
Algeria,2025,13,Algeria_2025
Russia,2025,13,Russia_2025
Cambodia,2025,,Cambodia_2025
Jordan,2025,,Jordan_2025
Uruguay,2025,,Uruguay_2025
Kyrgyzstan,2025,,Kyrgyzstan_2025
Ukraine,2025,12,Ukraine_2025
Belarus,2025,,Belarus_2025
Chad,2025,,Chad_2025
Egypt,2025,12,Egypt_2025
Uzbekistan,2025,,Uzbekistan_2025
New Caledonia,2025,,New Caledonia_2025
Oman,2025,,Oman_2025
Türkiye,2025,11,Türkiye_2025
Saudi Arabia,2025,11,Saudi Arabia_2025
Sri Lanka,2025,,Sri Lanka_2025
Tajikistan,2025,,Tajikistan_2025
Sudan,2025,,Sudan_2025
Thailand,2025,10,Thailand_2025
Taiwan,2025,10,Taiwan_2025
Libya,2025,,Libya_2025
Iraq,2025,,Iraq_2025
South Korea,2025,8,South Korea_2025
Palestine,2025,,Palestine_2025
Fiji,2025,,Fiji_2025
Somalia,2025,,Somalia_2025
Papua New Guinea,2025,,Papua New Guinea_2025
Vietnam,2025,7,Vietnam_2025
Laos,2025,,Laos_2025
Pakistan,2025,7,Pakistan_2025
Bangladesh,2025,7,Bangladesh_2025
Indonesia,2025,6,Indonesia_2025
Afghanistan,2025,,Afghanistan_2025
Syria,2025,,Syria_2025
Yemen,2025,,Yemen_2025
South Georgia & South Sandwich Islands,2025,,South Georgia & South Sandwich Islands_2025
St. Pierre & Miquelon,2025,,St. Pierre & Miquelon_2025
Eritrea,2025,,Eritrea_2025
Caribbean Netherlands,2025,,Caribbean Netherlands_2025
Marshall Islands,2025,,Marshall Islands_2025
Monaco,2025,,Monaco_2025
Christmas Island,2025,,Christmas Island_2025
Sint Maarten,2025,,Sint Maarten_2025
Pitcairn Islands,2025,,Pitcairn Islands_2025
Western Sahara,2025,,Western Sahara_2025
Nauru,2025,,Nauru_2025
Kiribati,2025,,Kiribati_2025
Comoros,2025,,Comoros_2025
Palau,2025,,Palau_2025
British Indian Ocean Territory,2025,,British Indian Ocean Territory_2025
Tokelau,2025,,Tokelau_2025
Heard & McDonald Islands,2025,,Heard & McDonald Islands_2025
Timor-Leste,2025,,Timor-Leste_2025
French Southern Territories,2025,,French Southern Territories_2025
Antarctica,2025,,Antarctica_2025
Dominica,2025,,Dominica_2025
Niue,2025,,Niue_2025
Tuvalu,2025,,Tuvalu_2025
Cook Islands,2025,,Cook Islands_2025
Falkland Islands (Islas Malvinas),2025,,Falkland Islands (Islas Malvinas)_2025
French Guiana,2025,,French Guiana_2025
Bouvet Island,2025,,Bouvet Island_2025
U.S. Outlying Islands,2025,,U.S. Outlying Islands_2025
Norfolk Island,2025,,Norfolk Island_2025
Cocos (Keeling) Islands,2025,,Cocos (Keeling) Islands_2025
Mayotte,2025,,Mayotte_2025
Vatican City,2025,,Vatican City_2025
St. Martin,2025,,St. Martin_2025
North Korea,2025,,North Korea_2025
British Virgin Islands,2025,,British Virgin Islands_2025
Micronesia,2025,,Micronesia_2025
Solomon Islands,2025,,Solomon Islands_2025
Vanuatu,2025,,Vanuatu_2025
Wallis & Futuna,2025,,Wallis & Futuna_2025
Samoa,2025,,Samoa_2025
Åland Islands,2025,,Åland Islands_2025
Svalbard & Jan Mayen,2025,,Svalbard & Jan Mayen_2025
Anguilla,2025,,Anguilla_2025
Montserrat,2025,,Montserrat_2025
São Tomé & Príncipe,2025,,São Tomé & Príncipe_2025
